TASK_TYPE,SUBLOT,AREA,EQP,STEP,DATES
DIE_TO_WIRE_STAGING,Q26069Y01-1,N8-8,2ZPB51,焊线,2026-06-09 04:13:08
DIE_TO_WIRE_STAGING,Q26079201-1,N6-8,2ZPB69,焊线,2026-07-11 19:03:55
DIE_TO_WIRE_STAGING,Q26079206-1,N6-8,2ZPB69,焊线,2026-07-11 21:45:57
DIE_TO_WIRE_STAGING,Q26067023-3,N5-6,2ZPB85,焊线,2026-07-13 14:30:27
DIE_TO_WIRE_STAGING,Q26049968-1,N8-7,2ZPB32,焊线,2026-04-26 18:50:45
DIE_TO_WIRE_STAGING,Q26067023-2,N5-6,2ZPB85,焊线,2026-07-13 12:06:55
DIE_TO_WIRE_STAGING,Q26065364-8,N7-2,2ZPB16,焊线,2026-07-13 11:05:03
DIE_TO_WIRE_STAGING,Q26065364-9,N7-2,2ZPB16,焊线,2026-07-13 12:27:19
DIE_TO_WIRE_STAGING,Q26065364-10,N7-2,2ZPB16,焊线,2026-07-13 13:27:24
DIE_TO_WIRE_STAGING,Q26067022-2,N5-6,2ZPB85,焊线,2026-07-13 04:45:45
DIE_TO_WIRE_STAGING,Q26067022-4,N5-6,2ZPB85,焊线,2026-07-13 06:14:59
DIE_TO_WIRE_STAGING,Q26072084-6,N1-1,2ZPB50,焊线,2026-07-13 08:02:31
DIE_TO_WIRE_STAGING,Q26068464-4,N9-6,2ZPB101,焊线,2026-07-13 12:26:26
DIE_TO_WIRE_STAGING,Q26072297-6,N9-1,2ZPB76,焊线,2026-07-13 04:25:23
DIE_TO_WIRE_STAGING,Q26072103-11,N7-7,2ZPB49,焊线,2026-07-13 16:13:07
DIE_TO_WIRE_STAGING,Q26066493-3,N4-2,2ZPB70,焊线,2026-07-12 16:53:39
DIE_TO_WIRE_STAGING,Q26073005-1,N1-5,2ZPB19,焊线,2026-07-13 07:40:02
DIE_TO_WIRE_STAGING,Q26064820-3,N1-8,2ZPB20,焊线,2026-07-13 12:29:37
DIE_TO_WIRE_STAGING,Q26064820-4,N1-8,2ZPB20,焊线,2026-07-13 15:53:39
DIE_TO_WIRE_STAGING,Q26066789-1,N3-3,2ZPB92,焊线,2026-07-13 07:41:54
DIE_TO_WIRE_STAGING,Q26066493-2,N4-2,2ZPB70,焊线,2026-07-12 15:44:51
DIE_TO_WIRE_STAGING,Q26068702-3,N9-3,2ZPB105,焊线,2026-07-13 15:31:34
DIE_TO_WIRE_STAGING,Q26072103-9,N7-7,2ZPB49,焊线,2026-07-13 15:37:21
DIE_TO_WIRE_STAGING,Q26064820-2,N1-8,2ZPB20,焊线,2026-07-13 04:44:48
DIE_TO_WIRE_STAGING,Q26079237-1,N8-4,2ZPB28,焊线,2026-07-12 07:40:14
DIE_TO_WIRE_STAGING,Q26067636-5,N5-4,2ZPB77,焊线,2026-07-13 08:36:50
DIE_TO_WIRE_STAGING,Q26072297-7,N9-1,2ZPB76,焊线,2026-07-13 06:39:01
DIE_TO_WIRE_STAGING,Q26063140-1,N3-4,2ZPB93,焊线,2026-07-13 07:43:49
DIE_TO_WIRE_STAGING,Q26066493-1,N4-2,2ZPB70,焊线,2026-07-12 14:35:59
DIE_TO_WIRE_STAGING,Q26066493-10,N4-2,2ZPB70,焊线,2026-07-13 02:27:14
DIE_TO_WIRE_STAGING,Q26070041-1,N1-5,2ZPB19,焊线,2026-07-13 15:49:27
DIE_TO_WIRE_STAGING,Q26063640-4,N6-6,2ZPB60,焊线,2026-07-12 22:33:53
DIE_TO_WIRE_STAGING,Q26072297-8,N9-1,2ZPB76,焊线,2026-07-13 07:32:11
DIE_TO_WIRE_STAGING,Q26072104-2,N5-3,2ZPB78,焊线,2026-07-13 10:44:26
DIE_TO_WIRE_STAGING,Q26071618-3,N6-3,2ZPB96,焊线,2026-07-13 15:30:42
DIE_TO_WIRE_STAGING,Q26071751-3,N2-4,2ZPB04,焊线,2026-07-12 07:13:16
DIE_TO_WIRE_STAGING,Q26061779-6,N6-4,2ZPB95,焊线,2026-07-13 15:47:58
DIE_TO_WIRE_STAGING,Q26072102-1,N2-1,2ZPB01,焊线,2026-07-13 08:09:38
DIE_TO_WIRE_STAGING,Q26071530-2,N3-1,2ZPB63,焊线,2026-07-13 15:10:59
DIE_TO_WIRE_STAGING,Q26068571-3,N9-5,2ZPB103,焊线,2026-07-13 13:51:06
DIE_TO_WIRE_STAGING,Q26068571-4,N9-5,2ZPB103,焊线,2026-07-13 15:01:01
DIE_TO_WIRE_STAGING,Q26061298-2,N3-2,2ZPB64,焊线,2026-07-09 19:55:07
DIE_TO_WIRE_STAGING,Q26071529-1,N3-1,2ZPB63,焊线,2026-07-13 07:51:12
DIE_TO_WIRE_STAGING,Q26068728-6,N5-5,2ZPB75,焊线,2026-07-12 15:35:37
DIE_TO_WIRE_STAGING,Q26068728-7,N5-5,2ZPB75,焊线,2026-07-12 17:02:28
DIE_TO_WIRE_STAGING,Q26071401-1,N5-8,2ZPB83,焊线,2026-07-13 06:01:27
DIE_TO_WIRE_STAGING,Q26072295-2,N9-1,2ZPB76,焊线,2026-07-13 10:51:34
DIE_TO_WIRE_STAGING,Q26067020-6,N5-7,2ZPB84,焊线,2026-07-12 22:33:41
DIE_TO_WIRE_STAGING,Q26073007-2,N2-7,2ZPB07,焊线,2026-07-13 13:07:14
DIE_TO_WIRE_STAGING,Q26067023-4,N5-7,2ZPB84,焊线,2026-07-13 14:32:05
DIE_TO_WIRE_STAGING,Q26072431-1,N3-5,2ZPB94,焊线,2026-07-13 13:12:24
DIE_TO_WIRE_STAGING,Q26071751-9,N2-4,2ZPB04,焊线,2026-07-13 09:30:01
DIE_TO_WIRE_STAGING,Q26068571-1,N9-5,2ZPB103,焊线,2026-07-13 12:48:22
DIE_TO_WIRE_STAGING,Q26072295-1,N9-1,2ZPB76,焊线,2026-07-13 09:38:15
DIE_TO_WIRE_STAGING,Q26072295-3,N9-1,2ZPB76,焊线,2026-07-13 12:49:51
DIE_TO_WIRE_STAGING,Q26072998-2,N6-5,2ZPB59,焊线,2026-07-13 12:37:37
DIE_TO_WIRE_STAGING,Q26066504-2,N4-6,2ZPB74,焊线,2026-07-13 07:56:43
DIE_TO_WIRE_STAGING,Q26066504-4,N4-5,2ZPB73,焊线,2026-07-13 08:06:52
DIE_TO_WIRE_STAGING,Q26066504-7,N4-6,2ZPB74,焊线,2026-07-13 10:41:17
DIE_TO_WIRE_STAGING,Q26066504-12,N4-6,2ZPB74,焊线,2026-07-13 14:51:21
DIE_TO_WIRE_STAGING,Q26066503-23,N4-5,2ZPB73,焊线,2026-07-13 05:14:47
DIE_TO_WIRE_STAGING,Q26066880-1,N4-5,2ZPB73,焊线,2026-07-13 13:59:08
DIE_TO_WIRE_STAGING,Q26068571-2,N9-5,2ZPB103,焊线,2026-07-13 13:00:26
DIE_TO_WIRE_STAGING,Q26068571-5,N9-5,2ZPB103,焊线,2026-07-13 15:56:33
DIE_TO_WIRE_STAGING,Q26072292-1,N9-1,2ZPB76,焊线,2026-07-13 15:56:38
DIE_TO_WIRE_STAGING,Q26066503-15,N4-5,2ZPB73,焊线,2026-07-12 15:10:35
DIE_TO_WIRE_STAGING,Q26066503-21,N4-5,2ZPB73,焊线,2026-07-13 02:46:45
DIE_TO_WIRE_STAGING,Q26066503-22,N4-5,2ZPB73,焊线,2026-07-13 03:50:44
DIE_TO_WIRE_STAGING,Q26066503-24,N4-5,2ZPB73,焊线,2026-07-13 06:04:50
DIE_TO_WIRE_STAGING,Q26066880-2,N4-5,2ZPB73,焊线,2026-07-13 15:02:53
DIE_TO_WIRE_STAGING,Q26066485-21,N4-6,2ZPB74,焊线,2026-07-13 03:30:22
DIE_TO_WIRE_STAGING,Q26066504-3,N4-6,2ZPB74,焊线,2026-07-13 07:02:49
DIE_TO_WIRE_STAGING,Q26066504-5,N4-6,2ZPB74,焊线,2026-07-13 09:20:56
DIE_TO_WIRE_STAGING,Q26066504-6,N4-6,2ZPB74,焊线,2026-07-13 05:41:00
DIE_TO_WIRE_STAGING,Q26066504-9,N4-5,2ZPB73,焊线,2026-07-13 10:42:50
DIE_TO_WIRE_STAGING,Q26066504-11,N4-6,2ZPB74,焊线,2026-07-13 12:28:27
DIE_TO_WIRE_STAGING,Q26068672-6,N5-5,2ZPB75,焊线,2026-07-13 02:36:13
DIE_TO_WIRE_STAGING,Q26068734-1,N5-5,2ZPB75,焊线,2026-07-13 12:26:07
DIE_TO_WIRE_STAGING,Q26071751-11,N2-8,2ZPB08,焊线,2026-07-13 08:06:32
DIE_TO_WIRE_STAGING,Q26066485-14,N4-6,2ZPB74,焊线,2026-07-12 15:05:42
DIE_TO_WIRE_STAGING,Q26066485-20,N4-6,2ZPB74,焊线,2026-07-13 02:20:32
DIE_TO_WIRE_STAGING,Q26066485-24,N4-6,2ZPB74,焊线,2026-07-13 04:14:27
DIE_TO_WIRE_STAGING,Q26066504-1,N4-5,2ZPB73,焊线,2026-07-13 07:17:15
DIE_TO_WIRE_STAGING,Q26066504-8,N4-5,2ZPB73,焊线,2026-07-13 09:25:48
DIE_TO_WIRE_STAGING,Q26066504-10,N4-5,2ZPB73,焊线,2026-07-13 12:30:16
DIE_TO_WIRE_STAGING,Q26072291-2,N6-8,2ZPB69,焊线,2026-07-13 04:20:50
DIE_TO_WIRE_STAGING,Q26066880-3,N4-5,2ZPB73,焊线,2026-07-13 16:03:00
DIE_TO_WIRE_STAGING,Q26068672-3,N5-5,2ZPB75,焊线,2026-07-13 07:11:26
DIE_TO_WIRE_STAGING,Q26068672-4,N5-5,2ZPB75,焊线,2026-07-13 08:15:03
DIE_TO_WIRE_STAGING,Q26068672-9,N5-5,2ZPB75,焊线,2026-07-13 10:28:24
DIE_TO_WIRE_STAGING,Q26068734-2,N5-5,2ZPB75,焊线,2026-07-13 13:47:25
DIE_TO_WIRE_STAGING,Q26068734-3,N5-5,2ZPB75,焊线,2026-07-13 15:09:20
DIE_TO_WIRE_STAGING,Q26064817-3,N8-1,2ZPB108,焊线,2026-07-13 06:40:57
DIE_TO_WIRE_STAGING,Q26064817-4,N8-1,2ZPB108,焊线,2026-07-13 12:56:51
DIE_TO_WIRE_STAGING,Q26072998-1,N6-5,2ZPB59,焊线,2026-07-13 09:56:07
DIE_TO_WIRE_STAGING,Q26066485-15,N4-6,2ZPB74,焊线,2026-07-12 16:58:46
DIE_TO_WIRE_STAGING,Q26066504-13,N4-6,2ZPB74,焊线,2026-07-13 16:07:25
DIE_TO_WIRE_STAGING,Q26068672-7,N5-5,2ZPB75,焊线,2026-07-13 04:09:03
DIE_TO_WIRE_STAGING,Q26068672-8,N5-5,2ZPB75,焊线,2026-07-13 05:42:58
DIE_TO_WIRE_STAGING,Q26071751-5,N2-8,2ZPB08,焊线,2026-07-12 10:55:03
DIE_TO_WIRE_STAGING,Q26072988-1,N3-2,2ZPB64,焊线,2026-07-13 15:39:33
DIE_TO_WIRE_STAGING,Q26072015-1,N9-1,2ZPB107,焊线,2026-07-12 09:39:41
DIE_TO_WIRE_STAGING,Q26071758-2,N3-5,2ZPB94,焊线,2026-07-10 12:55:30
DIE_TO_WIRE_STAGING,Q26071411-2,N5-1,2ZPB82,焊线,2026-07-13 03:41:10
DIE_TO_WIRE_STAGING,Q26071405-3,N5-1,2ZPB82,焊线,2026-07-13 12:55:22
DIE_TO_WIRE_STAGING,Q26049967-1,N8-7,2ZPB32,焊线,2026-04-27 13:49:03
DIE_TO_WIRE_STAGING,Q26079250-1,N5-2,2ZPB81,焊线,2026-07-09 19:58:13
DIE_TO_WIRE_STAGING,Q26079205-1,N6-8,2ZPB69,焊线,2026-07-11 20:10:19
DIE_TO_OVEN,Q26071777-23,N12-7,3ZPS123,装片烘烤,2026-07-13 16:16:06
DIE_TO_OVEN,Q26066588-5,C1-08,3ZPS140,装片烘烤,2026-07-13 15:27:43
DIE_TO_OVEN,Q26067193-32,X1-14,1ZP036,装片烘烤,2026-07-13 15:58:01
DIE_TO_OVEN,Q26071551-5,N13-1,2ZPB58,装片烘烤,2026-07-13 14:37:36
DIE_TO_OVEN,Q26068609-7,C3-02,3ZPS106,装片烘烤,2026-07-13 16:17:03
DIE_TO_OVEN,Q26056470-15,C2-01,3ZPS115,装片烘烤,2026-07-13 15:46:52
DIE_TO_OVEN,Q26045989-16,C5-18,3ZPS149,装片烘烤,2026-07-13 13:31:00
DIE_TO_OVEN,Q26071368-25,N12-3,3ZPS85,装片烘烤,2026-07-13 15:27:44
DIE_TO_OVEN,Q26072612-7,N13-8,3ZPS16,装片烘烤,2026-07-13 14:45:38
DIE_TO_OVEN,Q26048036-4,C3-05,3ZPS99,装片烘烤,2026-07-13 15:47:36
DIE_TO_OVEN,Q26068087-12,N14-2,3ZPS34,装片烘烤,2026-07-13 14:04:30
DIE_TO_OVEN,Q26067761-1,C4-13,3ZPS15,装片烘烤,2026-07-13 15:51:03
DIE_TO_OVEN,Q26079281-1,C8-02,3ZPS184,装片烘烤,2026-07-13 15:53:39
DIE_TO_OVEN,Q26065161-26,C6-01,3ZPS83,装片烘烤,2026-07-13 14:49:05
DIE_TO_OVEN,Q26068506-1,D7-07,3ZPS234,装片烘烤,2026-07-13 15:54:51
DIE_TO_OVEN,Q26068087-10,N14-2,3ZPS34,装片烘烤,2026-07-13 06:12:21
DIE_TO_OVEN,Q26071832-5,D6-04,3ZPS207,装片烘烤,2026-07-13 14:57:53
DIE_TO_OVEN,Q26066588-6,C1-08,3ZPS140,装片烘烤,2026-07-13 15:51:39
DIE_TO_OVEN,Q26068496-5,N12-8,3ZPS125,装片烘烤,2026-07-13 14:03:39
DIE_TO_OVEN,Q26068538-19,C7-16,3ZPS201,装片烘烤,2026-07-13 15:04:45
DIE_TO_OVEN,Q26071777-22,N12-7,3ZPS123,装片烘烤,2026-07-13 14:53:29
DIE_TO_OVEN,Q26068565-8,C6-09,3ZPS92,装片烘烤,2026-07-13 15:52:22
DIE_TO_OVEN,Q26067762-4,C1-11,3ZPS175,装片烘烤,2026-07-13 15:33:43
DIE_TO_OVEN,Q26068394-6,C5-06,3ZPS74,装片烘烤,2026-07-13 15:52:39
DIE_TO_OVEN,Q26066914-5,C1-10,3ZPS174,装片烘烤,2026-07-13 15:03:03
DIE_TO_OVEN,Q26071777-8,N12-7,3ZPS123,装片烘烤,2026-07-13 12:32:36
DIE_TO_OVEN,Q26072095-6,N13-3,2ZPB44,装片烘烤,2026-07-13 10:48:36
DIE_TO_OVEN,Q26072614-12,N13-5,3ZPS36,装片烘烤,2026-07-13 13:41:25
DIE_TO_OVEN,Q26067468-29,C2-02,3ZPS82,装片烘烤,2026-07-13 15:09:32
DIE_TO_OVEN,Q26071354-13,N11-7,3ZPS233,装片烘烤,2026-07-13 13:43:14
DIE_TO_OVEN,Q26060059-8,D7-03,3ZPS229,装片烘烤,2026-07-13 13:50:07
DIE_TO_OVEN,Q26066153-20,D4-02,3ZPS210,装片烘烤,2026-07-13 15:21:09
DIE_TO_OVEN,Q26065837-14,C7-04,3ZPS339,装片烘烤,2026-07-13 15:55:12
DIE_TO_OVEN,Q26071550-2,N13-10,3ZPS09,装片烘烤,2026-07-13 15:58:52
DIE_TO_OVEN,Q26068202-4,D3-06,3ZPS186,装片烘烤,2026-07-13 16:02:20
DIE_TO_OVEN,Q26067471-4,C3-06,3ZPS97,装片烘烤,2026-07-13 15:58:10
DIE_TO_OVEN,Q26069F42-1,C8-03,3ZPS18,装片烘烤,2026-07-13 15:15:28
DIE_TO_OVEN,Q26066462-4,D3-04,3ZPS168,装片烘烤,2026-07-13 13:57:48
DIE_TO_OVEN,Q26067537-10,C2-06,3ZPS126,装片烘烤,2026-07-13 14:27:14
DIE_TO_OVEN,Q26065826-30,C3-09,3ZPS80,装片烘烤,2026-07-13 15:21:57
DIE_TO_OVEN,Q26068289-13,N10-6,3ZPS187,装片烘烤,2026-07-13 14:15:24
DIE_TO_OVEN,Q26064708-11,C6-07,3ZPS21,装片烘烤,2026-07-13 15:57:00
DIE_TO_OVEN,Q26071278-42,D3-02,3ZPS190,装片烘烤,2026-07-13 13:08:49
DIE_TO_OVEN,Q26071865-24,D8-04,3ZPS238,装片烘烤,2026-07-13 15:22:52
DIE_TO_OVEN,Q26065560-5,D6-06,3ZPS272,装片烘烤,2026-07-13 16:01:26
DIE_TO_OVEN,Q26068087-11,N14-2,3ZPS34,装片烘烤,2026-07-13 09:38:39
DIE_TO_OVEN,Q26067193-5,X1-15,1ZP037,装片烘烤,2026-07-13 15:12:03
DIE_TO_OVEN,Q26067395-37,C3-07,3ZPS120,装片烘烤,2026-07-13 16:00:56
DIE_TO_OVEN,Q26064920-1,C7-02,3ZPS146,装片烘烤,2026-07-13 15:19:45
DIE_TO_OVEN,Q26066914-6,C1-10,3ZPS174,装片烘烤,2026-07-13 15:46:08
DIE_TO_OVEN,Q26068538-20,C7-16,3ZPS201,装片烘烤,2026-07-13 15:50:39
DIE_TO_OVEN,Q26071460-2,C2-17,3ZPS64,装片烘烤,2026-07-13 15:29:52
DIE_TO_OVEN,Q26067941-1,D1-05,3ZPS154,装片烘烤,2026-07-13 15:34:32
DIE_TO_OVEN,Q26068755-3,C7-13,3ZPS86,装片烘烤,2026-07-13 15:39:43
DIE_TO_OVEN,Q26071310-25,C5-05,3ZPS269,装片烘烤,2026-07-13 15:09:32
DIE_TO_OVEN,Q26067582-6,C7-15,3ZPS88,装片烘烤,2026-07-13 15:43:06
DIE_TO_OVEN,Q26062664-3,C4-06,3ZPS142,装片烘烤,2026-07-13 15:43:10
DIE_TO_OVEN,Q26067471-3,C3-06,3ZPS97,装片烘烤,2026-07-13 15:36:26
DIE_TO_OVEN,Q26065837-13,C7-04,3ZPS339,装片烘烤,2026-07-13 15:39:56
DIE_TO_OVEN,Q26066142-9,D4-05,3ZPS213,装片烘烤,2026-07-13 16:03:20
DIE_TO_OVEN,Q26071278-43,D3-02,3ZPS190,装片烘烤,2026-07-13 14:57:11
DIE_TO_OVEN,Q26068497-4,N13-4,3ZPS79,装片烘烤,2026-07-13 14:52:49
DIE_TO_OVEN,Q26072259-8,C7-03,3ZPS69,装片烘烤,2026-07-13 14:23:48
DIE_TO_OVEN,Q26056456-3,D5-03,3ZPS178,装片烘烤,2026-07-13 16:07:45
DIE_TO_OVEN,Q26066108-1,C7-10,3ZPS102,装片烘烤,2026-07-13 16:07:50
DIE_TO_OVEN,Q26066588-7,C1-08,3ZPS140,装片烘烤,2026-07-13 16:07:52
DIE_TO_OVEN,Q26067545-4,C4-09,3ZPS70,装片烘烤,2026-07-13 15:27:00
DIE_TO_OVEN,Q26072095-7,N13-3,2ZPB44,装片烘烤,2026-07-13 14:01:01
DIE_TO_OVEN,Q26063418-14,D5-06,3ZPS183,装片烘烤,2026-07-13 15:29:27
DIE_TO_OVEN,Q26067395-36,C3-07,3ZPS120,装片烘烤,2026-07-13 14:25:28
DIE_TO_OVEN,Q26067697-6,C2-11,3ZPS147,装片烘烤,2026-07-13 16:01:10
DIE_TO_OVEN,Q26066585-1,C6-12,3ZPS128,装片烘烤,2026-07-13 15:34:13
DIE_TO_OVEN,Q26067072-2,C6-11,3ZPS12,装片烘烤,2026-07-13 15:29:48
DIE_TO_OVEN,Q26064759-6,C6-02,3ZPS22,装片烘烤,2026-07-13 16:11:36
DIE_TO_OVEN,Q26061157-1,C5-18,3ZPS149,装片烘烤,2026-07-13 15:39:11
DIE_TO_OVEN,Q26065336-7-1,D3-03,3ZPS188,装片烘烤,2026-07-13 16:14:40
DIE_TO_OVEN,Q26065330-2,C5-10,3ZPS143,装片烘烤,2026-07-13 16:00:32
DIE_TO_OVEN,Q26067593-1,C2-18,3ZPS66,装片烘烤,2026-07-13 15:40:23
DIE_TO_OVEN,Q26064920-2,C7-02,3ZPS146,装片烘烤,2026-07-13 15:41:13
DIE_TO_OVEN,Q26067537-11,C2-06,3ZPS126,装片烘烤,2026-07-13 15:41:29
DIE_TO_OVEN,Q26053629-8,C6-17,3ZPS02,装片烘烤,2026-07-13 16:19:03
DIE_TO_OVEN,Q26066153-19,D4-02,3ZPS210,装片烘烤,2026-07-13 15:07:35
DIE_TO_OVEN,Q26071423-7,C6-16,3ZPS118,装片烘烤,2026-07-13 15:08:01
DIE_TO_OVEN,Q26071278-44,D3-02,3ZPS190,装片烘烤,2026-07-13 16:08:02
DIE_TO_OVEN,Q26067551-28,C3-12,3ZPS131,装片烘烤,2026-07-13 15:43:15
DIE_TO_OVEN,Q26067327-2,C2-05,3ZPS121,装片烘烤,2026-07-13 16:10:37
DIE_TO_OVEN,Q26071799-3,N11-3,3ZPS89,装片烘烤,2026-07-13 14:49:59
DIE_TO_OVEN,Q26061716-2,D5-04,3ZPS181,装片烘烤,2026-07-13 15:10:57
DIE_TO_OVEN,Q26067030-10,D4-03,3ZPS211,装片烘烤,2026-07-13 14:29:30
DIE_TO_OVEN,Q26071368-26,N12-3,3ZPS85,装片烘烤,2026-07-13 15:42:24
DIE_TO_OVEN,Q26053629-7,C6-17,3ZPS02,装片烘烤,2026-07-13 15:31:15
DIE_TO_OVEN,Q26066755-10,N10-4,2ZPB91,装片烘烤,2026-07-13 15:12:29
DIE_TO_OVEN,Q26071659-1,C4-15,3ZPS93,装片烘烤,2026-07-13 15:58:52
DIE_TO_OVEN,Q26066142-8,D4-05,3ZPS213,装片烘烤,2026-07-13 13:58:52
DIE_TO_OVEN,Q26065777-6,D3-05,3ZPS162,装片烘烤,2026-07-13 16:04:39
DIE_TO_OVEN,Q26066152-4,D2-05,3ZPS171,装片烘烤,2026-07-13 16:07:32
DIE_TO_OVEN,Q26055006-1,D1-02,3ZPS157,装片烘烤,2026-07-13 16:07:38
DIE_TO_OVEN,Q26068691-1,D8-03,3ZPS237,装片烘烤,2026-07-13 16:07:38
DIE_TO_OVEN,Q26066730-2,C5-11,3ZPS17,装片烘烤,2026-07-13 16:21:56
DIE_TO_OVEN,Q26071460-3,C2-17,3ZPS64,装片烘烤,2026-07-13 16:03:48
DIE_TO_OVEN,Q26066979-5,C3-10,3ZPS78,装片烘烤,2026-07-13 13:19:22
DIE_TO_OVEN,Q26071799-2,N11-3,3ZPS89,装片烘烤,2026-07-13 12:35:13
DIE_TO_OVEN,Q26071460-4,C2-17,3ZPS64,装片烘烤,2026-07-13 16:14:13
DIE_TO_OVEN,Q26044047-1,C5-02,3ZPS14,装片烘烤,2026-07-13 16:14:21
DIE_TO_OVEN,Q26071926-3,D6-07,3ZPS273,装片烘烤,2026-07-13 16:14:51
DIE_TO_OVEN,Q26067762-5,C1-11,3ZPS175,装片烘烤,2026-07-13 16:15:59
DIE_TO_OVEN,Q26066672-3,D4-04,3ZPS212,装片烘烤,2026-07-13 16:22:31
DIE_TO_OVEN,Q26067537-9,C2-06,3ZPS126,装片烘烤,2026-07-13 14:09:49
DIE_TO_OVEN,Q26065837-12,C7-04,3ZPS339,装片烘烤,2026-07-13 14:20:33
DIE_TO_OVEN,Q26069H01-1,C8-01,3ZPS189,装片压力烘烤,2026-07-13 16:20:14
WIRE_TO_GATE,Q26061775-5,N12-7,2QHB105,焊线关卡,2026-07-13 15:23:51
WIRE_TO_GATE,Q26071906-4,N5-13,2QHE05,焊线关卡,2026-07-13 13:40:25
WIRE_TO_GATE,Q26068083-6,Q19-07,3QHS310,焊线关卡,2026-07-13 11:39:28
WIRE_TO_GATE,Q26066735-4,C06-12,3QHS710,焊线关卡,2026-07-13 15:17:56
WIRE_TO_GATE,Q26073003-1,N17-6,2QHB89,焊线关卡,2026-07-13 12:48:03
WIRE_TO_GATE,Q26067628-4,C06-14,3QHS2515,焊线关卡,2026-07-13 16:16:44
WIRE_TO_GATE,Q26067601-6,D06-13,3QHS3778,焊线关卡,2026-07-13 12:57:22
WIRE_TO_GATE,Q26064117-12,D22-2,3QHS4320,焊线关卡,2026-07-13 11:35:33
WIRE_TO_GATE,Q26072120-2,D15-10,3QHS4030,焊线关卡,2026-07-13 13:28:10
WIRE_TO_GATE,Q26054950-63,D05-10,3QHS3310,焊线关卡,2026-07-13 10:44:15
WIRE_TO_GATE,Q26067652-4,D06-04,3QHS3775,焊线关卡,2026-07-13 09:43:07
WIRE_TO_GATE,Q26067804-17,Q22-10,3QHS3024,焊线关卡,2026-07-13 16:02:37
WIRE_TO_GATE,Q26065826-14,Q04-19,3QHS3071,焊线关卡,2026-07-13 16:02:39
WIRE_TO_GATE,Q26065911-22,Q17-15,3QHS4100,焊线关卡,2026-07-13 13:44:06
WIRE_TO_GATE,Q26057506-9,D03-11,3QHS1774,焊线关卡,2026-07-13 14:57:39
WIRE_TO_GATE,Q26066737-4,D16-09,3QHS598,焊线关卡,2026-07-13 10:46:05
WIRE_TO_GATE,Q26068653-3,C01-11,3QHS3924,焊线关卡,2026-07-13 06:38:46
WIRE_TO_GATE,Q26061163-18,C13-06,3QHS4163,焊线关卡,2026-07-13 14:10:47
WIRE_TO_GATE,Q26068405-2,D22-13,3QHS4331,焊线关卡,2026-07-13 12:31:16
WIRE_TO_GATE,Q26061244-10,Q19-08,3QHS311,焊线关卡,2026-07-13 15:14:45
WIRE_TO_GATE,Q26066990-19,Q13-14,3QHS315,焊线关卡,2026-07-13 15:21:03
WIRE_TO_GATE,Q26065035-4,D04-03,3QHS3064,焊线关卡,2026-07-13 10:31:58
WIRE_TO_GATE,Q26067887-4,D03-03,3QHS3854,焊线关卡,2026-07-13 10:30:07
WIRE_TO_GATE,Q26053778-11,D10-03,3QHS3979,焊线关卡,2026-07-13 13:35:56
WIRE_TO_GATE,Q26066207-6,C07-11,3QHS4295,焊线关卡,2026-07-13 12:59:26
WIRE_TO_GATE,Q26066132-7,D11-08,3QHS561,焊线关卡,2026-07-13 12:31:20
WIRE_TO_GATE,Q26068770-7,D22-7,3QHS4325,焊线关卡,2026-07-13 09:51:21
WIRE_TO_GATE,Q26064917-6,D01-04,3QHS26,焊线关卡,2026-07-13 11:52:03
WIRE_TO_GATE,Q26068770-5,D23-4,3QHS4338,焊线关卡,2026-07-13 09:01:35
WIRE_TO_GATE,Q26066236-4-6,D02-03,3QHS3858,焊线关卡,2026-07-13 15:16:55
WIRE_TO_GATE,Q26066110-3,C15-15,3QHS4241,焊线关卡,2026-07-13 12:03:19
WIRE_TO_GATE,Q26064117-9,D23-2,3QHS4336,焊线关卡,2026-07-13 12:02:13
WIRE_TO_GATE,Q26062120-7,Q23-04,3QHS546,焊线关卡,2026-07-13 10:32:51
WIRE_TO_GATE,Q26063666-1,C01-02,3QHS3821,焊线关卡,2026-07-13 15:52:24
WIRE_TO_GATE,Q26057506-10,Q16-01,3QHS1111,焊线关卡,2026-07-13 15:24:40
WIRE_TO_GATE,Q26067341-8,N3-7,3QHS6023,焊线关卡,2026-07-13 14:55:43
WIRE_TO_GATE,Q26053778-8,D03-13,3QHS3814,焊线关卡,2026-07-13 10:38:25
WIRE_TO_GATE,Q26052597-18,D03-16,3QHS2444,焊线关卡,2026-07-13 15:25:07
WIRE_TO_GATE,Q26055377-4,D16-07,3QHS3794,焊线关卡,2026-07-13 15:18:25
WIRE_TO_GATE,Q26061297-6,D10-01,3QHS3977,焊线关卡,2026-07-13 16:20:48
WIRE_TO_GATE,Q26067537-1,Q04-11,3QHS3875,焊线关卡,2026-07-13 15:55:12
WIRE_TO_GATE,Q26055319-10,D04-01,3QHS753,焊线关卡,2026-07-13 11:06:28
WIRE_TO_GATE,Q26067596-6,D12-11,3QHS4005,焊线关卡,2026-07-13 01:44:53
WIRE_TO_GATE,Q26066750-3,Q07-10,3QHS3931,焊线关卡,2026-07-13 06:51:42
WIRE_TO_GATE,Q26070003-21,C07-08,3QHS3917,焊线关卡,2026-07-13 14:17:02
WIRE_TO_GATE,Q26066735-2,Q16-06,3QHS374,焊线关卡,2026-07-13 14:17:06
WIRE_TO_GATE,Q26050014-32,D22-14,3QHS4332,焊线关卡,2026-07-13 13:59:52
WIRE_TO_GATE,Q26070003-27,C07-04,3QHS3227,焊线关卡,2026-07-13 14:14:10
WIRE_TO_GATE,Q26066494-1,N13-9,2QHB73,焊线关卡,2026-07-13 14:15:00
WIRE_TO_GATE,Q26070003-26,C07-01,3QHS3847,焊线关卡,2026-07-13 14:27:30
WIRE_TO_GATE,Q26063147-3,C06-04,3QHS581,焊线关卡,2026-07-13 15:12:09
WIRE_TO_GATE,Q26043289-29,C15-16,3QHS4244,焊线关卡,2026-07-13 15:12:40
WIRE_TO_GATE,Q26067587-8,C15-04,3QHS4236,焊线关卡,2026-07-13 10:31:32
WIRE_TO_GATE,Q26066542-8,N8-4,3QHS3016,焊线关卡,2026-07-13 10:57:14
WIRE_TO_GATE,Q26071168-16,N16-2,2QHB103,焊线关卡,2026-07-13 15:50:26
WIRE_TO_GATE,Q26067460-54,D09-01,3QHS3779,焊线关卡,2026-07-13 10:17:36
WIRE_TO_GATE,Q26063044-6,D22-11,3QHS4329,焊线关卡,2026-07-13 15:34:41
WIRE_TO_GATE,Q26067887-7,D01-01,3QHS15,焊线关卡,2026-07-13 16:01:58
WIRE_TO_GATE,Q26063665-1,C01-14,3QHS3833,焊线关卡,2026-07-13 07:13:01
WIRE_TO_GATE,Q26066494-7,N13-4,2QHB64,焊线关卡,2026-07-13 15:36:03
WIRE_TO_GATE,Q26066207-4,C10-12,3QHS4229,焊线关卡,2026-07-13 15:26:00
WIRE_TO_GATE,Q26066885-1,C12-13,3QHS4153,焊线关卡,2026-07-13 08:02:24
WIRE_TO_GATE,Q26065530-10,D04-14,3QHS1644,焊线关卡,2026-07-13 08:49:40
WIRE_TO_GATE,Q26068137-5,C16-10,3QHS4271,焊线关卡,2026-07-13 08:35:45
WIRE_TO_GATE,Q26068137-6,C04-02,3QHS4273,焊线关卡,2026-07-13 08:36:06
WIRE_TO_GATE,Q26071520-5,Q15-08,3QHS3075,焊线关卡,2026-07-13 07:59:22
WIRE_TO_GATE,Q26055153-4,D10-06,3QHS3982,焊线关卡,2026-07-13 16:05:50
WIRE_TO_GATE,Q26067792-10,Q16-10,3QHS550,焊线关卡,2026-07-13 16:06:10
WIRE_TO_GATE,Q26067395-14,D19-01,3QHS119,焊线关卡,2026-07-13 16:07:21
WIRE_TO_GATE,Q26065364-3,N18-8,2QHB66,焊线关卡,2026-07-13 16:07:21
WIRE_TO_GATE,Q26071865-1,Q05-15,3QHS4062,焊线关卡,2026-07-13 15:26:52
WIRE_TO_GATE,Q26067601-2,D11-15,3QHS4004,焊线关卡,2026-07-13 13:25:30
WIRE_TO_GATE,Q26071606-21,D18-02,3QHS111,焊线关卡,2026-07-13 16:01:17
WIRE_TO_GATE,Q26073016-1,N4-10,2QHE74,焊线关卡,2026-07-13 15:37:15
WIRE_TO_GATE,Q26066494-5,N13-4,2QHB64,焊线关卡,2026-07-13 14:23:02
WIRE_TO_GATE,Q26068316-4,C16-06,3QHS4267,焊线关卡,2026-07-13 14:32:45
WIRE_TO_GATE,Q26066772-13,N12-1,2QHB118,焊线关卡,2026-07-13 14:43:00
WIRE_TO_GATE,Q26066990-21,Q01-17,3QHS4039,焊线关卡,2026-07-13 15:39:17
WIRE_TO_GATE,Q26065530-13,Q20-07,3QHS216,焊线关卡,2026-07-13 14:44:23
WIRE_TO_GATE,Q26066772-2,N12-1,2QHB118,焊线关卡,2026-07-13 16:18:01
WIRE_TO_GATE,Q26065826-16,Q01-15,3QHS4037,焊线关卡,2026-07-13 16:09:19
WIRE_TO_GATE,Q26067686-9,D11-01,3QHS540,焊线关卡,2026-07-13 13:19:16
WIRE_TO_GATE,Q26065230-3,Q15-03,3QHS339,焊线关卡,2026-07-13 16:10:11
WIRE_TO_GATE,Q26066503-6,N18-6,2QHB79,焊线关卡,2026-07-13 16:12:51
WIRE_TO_GATE,Q26067130-3,N3-12,3QHS6021,焊线关卡,2026-07-13 15:43:16
WIRE_TO_GATE,Q26066494-3,N13-9,2QHB73,焊线关卡,2026-07-13 15:43:38
WIRE_TO_GATE,Q26062227-14,D03-07,3QHS3842,焊线关卡,2026-07-13 10:12:32
WIRE_TO_GATE,Q26066990-26,Q19-01,3QHS541,焊线关卡,2026-07-13 13:31:52
WIRE_TO_GATE,Q26071865-10,Q05-20,3QHS3094,焊线关卡,2026-07-13 15:45:52
WIRE_TO_GATE,Q26067804-18,D07-10,3QHS4019,焊线关卡,2026-07-13 15:11:44
WIRE_TO_GATE,Q26071170-1,N1-5,3QHS6013,焊线关卡,2026-07-13 13:21:39
WIRE_TO_GATE,Q26071857-13,Q23-07,3QHS3010,焊线关卡,2026-07-13 13:40:38
WIRE_TO_GATE,Q26068405-3,D22-5,3QHS4323,焊线关卡,2026-07-13 11:15:56
WIRE_TO_GATE,Q26067887-9,C07-07,3QHS579,焊线关卡,2026-07-13 13:38:06
WIRE_TO_GATE,Q26066608-6,D06-06,3QHS2146,焊线关卡,2026-07-13 13:41:21
WIRE_TO_GATE,Q26068289-8,N3-3,2QHE78,焊线关卡,2026-07-13 13:25:52
WIRE_TO_GATE,Q26063360-3,Q15-07,3QHS324,焊线关卡,2026-07-13 16:02:48
WIRE_TO_GATE,Q26071606-19,D06-05,3QHS3063,焊线关卡,2026-07-13 13:39:46
WIRE_TO_GATE,Q26064338-1,D09-12,3QHS3134,焊线关卡,2026-07-13 13:42:38
WIRE_TO_GATE,Q26071857-7,D10-09,3QHS399,焊线关卡,2026-07-13 16:04:50
WIRE_TO_GATE,Q26068682-21,D05-05,3QHS3136,焊线关卡,2026-07-13 16:05:10
WIRE_TO_GATE,Q26057465-7,Q17-12,3QHS4086,焊线关卡,2026-07-13 14:46:15
WIRE_TO_GATE,Q26067341-11,N2-6,3QHS6003,焊线关卡,2026-07-13 14:46:18
WIRE_TO_GATE,Q26068770-9,D22-16,3QHS4334,焊线关卡,2026-07-13 16:03:53
WIRE_TO_GATE,Q26061222-2,D05-16,3QHS2517,焊线关卡,2026-07-13 16:18:52
WIRE_TO_GATE,Q26068286-12,Q21-15,3QHS768,焊线关卡,2026-07-13 16:19:11
WIRE_TO_GATE,Q26065140-14,C05-06,3QHS4316,焊线关卡,2026-07-13 12:27:19
WIRE_TO_GATE,Q26048318-4,C10-05,3QHS4120,焊线关卡,2026-07-13 12:26:51
WIRE_TO_GATE,Q26065826-18,Q04-14,3QHS4053,焊线关卡,2026-07-13 12:38:29
WIRE_TO_GATE,Q26071217-2,D01-11,3QHS723,焊线关卡,2026-07-13 13:05:00
WIRE_TO_GATE,Q26067395-16,D19-12,3QHS682,焊线关卡,2026-07-13 16:15:16
WIRE_TO_GATE,Q26038012-16,C15-11,3QHS4245,焊线关卡,2026-07-13 12:13:54
WIRE_TO_GATE,Q26067341-5,N6-12,2QHE45,焊线关卡,2026-07-13 13:01:49
WIRE_TO_OPTICAL,Q26055656-1,C10-05,3QHS4120,三光检验,2026-07-04 00:32:45
WIRE_TO_OPTICAL,Q26064461-9,C11-02,3QHS4131,三光检验,2026-07-10 00:49:03
WIRE_TO_OPTICAL,Q26067196-2,N15-7,2QHB55,三光检验,2026-07-07 11:33:47
WIRE_TO_OPTICAL,Q26066081-9,N18-3,2QHB72,三光检验,2026-07-07 11:49:59
WIRE_TO_OPTICAL,Q26067449-10,C10-02,3QHS4106,三光检验,2026-07-12 18:31:11
WIRE_TO_OPTICAL,Q26066083-9,N18-3,2QHB72,三光检验,2026-07-07 13:33:05
WIRE_TO_OPTICAL,Q26071319-3,N16-5,2QHB100,三光检验,2026-07-13 15:23:55
WIRE_TO_OPTICAL,Q26057202-14,C03-07,3QHS4185,三光检验,2026-07-08 14:44:31
WIRE_TO_OPTICAL,Q26066451-5,C04-06,3QHS4117,三光检验,2026-07-12 00:49:25
WIRE_TO_OPTICAL,Q26052297-30,C15-08,3QHS4239,三光检验,2026-07-08 22:32:30
WIRE_TO_OPTICAL,Q26057202-7,C03-07,3QHS4185,三光检验,2026-07-07 14:58:46
WIRE_TO_OPTICAL,Q26063350-14,C16-01,3QHS4261,三光检验,2026-07-11 18:42:03
WIRE_TO_OPTICAL,Q26067449-11,C03-05,3QHS4186,三光检验,2026-07-12 18:10:54
WIRE_TO_OPTICAL,Q26062418-1,C14-11,3QHS4129,三光检验,2026-07-10 23:07:50
WIRE_TO_OPTICAL,Q26057201-2,C10-05,3QHS4120,三光检验,2026-07-04 05:50:49
WIRE_TO_OPTICAL,Q26071317-3,N16-5,2QHB100,三光检验,2026-07-13 14:37:22
WIRE_TO_OPTICAL,Q26057202-6,C17-05,3QHS4219,三光检验,2026-07-07 15:55:21
WIRE_TO_OPTICAL,Q26064255-2,C02-01,3QHS3998,三光检验,2026-07-12 14:25:32
WIRE_TO_OPTICAL,Q26057202-11,C17-05,3QHS4219,三光检验,2026-07-08 05:27:15
WIRE_TO_OPTICAL,Q26057202-12,C10-06,3QHS4121,三光检验,2026-07-08 06:41:54
WIRE_TO_OPTICAL,Q26060061-3,C11-07,3QHS4137,三光检验,2026-07-11 19:16:18
WIRE_TO_OPTICAL,Q26057202-4,C10-05,3QHS4120,三光检验,2026-07-04 17:25:00
WIRE_TO_OPTICAL,Q26062735-6,C05-10,3QHS4187,三光检验,2026-07-12 21:08:18
WIRE_TO_OPTICAL,Q26064709-1,C14-02,3QHS4173,三光检验,2026-07-11 04:13:13
WIRE_TO_OPTICAL,Q26066818-5,C16-08,3QHS4266,三光检验,2026-07-12 09:16:49
WIRE_TO_OPTICAL,Q26071320-13,N16-5,2QHB100,三光检验,2026-07-13 11:19:34
WIRE_TO_OPTICAL,Q26057202-15,C17-05,3QHS4219,三光检验,2026-07-08 16:03:05
WIRE_TO_OPTICAL,Q26064477-7,C16-02,3QHS4263,三光检验,2026-07-12 20:48:42
WIRE_TO_OPTICAL,Q26051401-1,Q24-01,3QHS3928,三光检验,2026-06-30 21:19:19
WIRE_TO_OPTICAL,Q26066882-2,C07-13,3QHS4293,三光检验,2026-07-12 04:10:53
WIRE_TO_OPTICAL,Q26057202-9,C10-06,3QHS4121,三光检验,2026-07-07 19:45:31
WIRE_TO_OPTICAL,Q26062735-7,C03-03,3QHS4192,三光检验,2026-07-13 05:13:44
WIRE_TO_OPTICAL,Q26065793-3,C04-01,3QHS4184,三光检验,2026-07-12 00:38:55
WIRE_TO_OPTICAL,Q26064579-1,C17-09,3QHS4216,三光检验,2026-07-11 08:53:56
WIRE_TO_OPTICAL,Q26071317-8,N16-3,2QHB102,三光检验,2026-07-13 12:24:05
WIRE_TO_OPTICAL,Q26067449-9,C11-01,3QHS4130,三光检验,2026-07-12 18:33:16
WIRE_TO_OPTICAL,Q26067449-4,C03-05,3QHS4186,三光检验,2026-07-11 19:59:34
WIRE_TO_OPTICAL,Q26066818-1,C16-08,3QHS4266,三光检验,2026-07-12 02:46:15
WIRE_TO_OPTICAL,Q26060061-7,C15-08,3QHS4239,三光检验,2026-07-11 16:35:31
WIRE_TO_OPTICAL,Q26063350-15,C16-01,3QHS4261,三光检验,2026-07-11 19:21:49
WIRE_TO_OPTICAL,Q26064579-7,C14-11,3QHS4129,三光检验,2026-07-12 10:31:46
WIRE_TO_OPTICAL,Q26062168-1,C16-05,3QHS4270,三光检验,2026-07-12 05:56:01
WIRE_TO_OPTICAL,Q26055656-2,C10-05,3QHS4120,三光检验,2026-07-06 18:40:40
WIRE_TO_OPTICAL,Q26064475-4,C15-01,3QHS4232,三光检验,2026-07-12 01:48:38
WIRE_TO_OPTICAL,Q26067449-12,C11-01,3QHS4130,三光检验,2026-07-13 07:46:45
WIRE_TO_OPTICAL,Q26066346-3,N1-4,2QHE60,三光检验,2026-07-12 08:28:03
WIRE_TO_OPTICAL,Q26071500-3,N15-7,2QHB55,三光检验,2026-07-12 21:35:35
WIRE_TO_OPTICAL,Q26064255-1,C02-15,3QHS385,三光检验,2026-07-12 14:42:43
WIRE_TO_OPTICAL,Q26064477-5,C15-05,3QHS4237,三光检验,2026-07-12 14:30:15
WIRE_TO_OPTICAL,Q26063127-6,C15-09,3QHS4242,三光检验,2026-07-12 14:00:59
WIRE_TO_OPTICAL,Q26064579-9,C14-09,3QHS4183,三光检验,2026-07-12 19:11:10
WIRE_TO_OPTICAL,Q26064477-9,C15-03,3QHS4235,三光检验,2026-07-13 03:26:35
WIRE_TO_OPTICAL,Q26071320-11,N16-3,2QHB102,三光检验,2026-07-13 10:40:52
WIRE_TO_OPTICAL,Q26068488-2,C04-06,3QHS4117,三光检验,2026-07-12 15:27:26
WIRE_TO_OPTICAL,Q26064255-3,C02-13,3QHS3308,三光检验,2026-07-12 19:02:18
WIRE_TO_OPTICAL,Q26055655-1,C10-05,3QHS4120,三光检验,2026-07-05 15:33:48
WIRE_TO_OPTICAL,Q26057201-1,C10-05,3QHS4120,三光检验,2026-07-05 04:41:55
WIRE_TO_OPTICAL,Q26057535-1,C02-05,3QHS3968,三光检验,2026-07-05 04:03:02
WIRE_TO_OPTICAL,Q26067449-8,C03-02,3QHS4272,三光检验,2026-07-12 19:54:05
WIRE_TO_OPTICAL,Q26063127-4,C15-09,3QHS4242,三光检验,2026-07-12 06:19:37
WIRE_TO_OPTICAL,Q26064255-4,C02-15,3QHS385,三光检验,2026-07-13 06:40:39
WIRE_TO_OPTICAL,Q26064477-3,C16-02,3QHS4263,三光检验,2026-07-12 00:44:08
WIRE_TO_OPTICAL,Q26067677-3,N19-5,2QHB57,三光检验,2026-07-12 22:59:24
WIRE_TO_OPTICAL,Q26055655-2,C17-05,3QHS4219,三光检验,2026-07-06 02:29:07
WIRE_TO_OPTICAL,Q26066079-2,N16-3,2QHB102,三光检验,2026-07-06 09:41:13
WIRE_TO_OPTICAL,Q26071778-4,N1-15,2QHE62,三光检验,2026-07-13 13:27:41
WIRE_TO_OPTICAL,Q26064709-6,C15-13,3QHS4247,三光检验,2026-07-12 21:19:32
WIRE_TO_OPTICAL,Q26071321-4,N16-5,2QHB100,三光检验,2026-07-13 12:54:09
WIRE_TO_OPTICAL,Q26062170-6,C04-04,3QHS4277,三光检验,2026-07-13 05:58:06
WIRE_TO_OPTICAL,Q26055625-5,C07-11,3QHS4295,三光检验,2026-07-06 19:59:36
WIRE_TO_OPTICAL,Q26052850-9,C11-08,3QHS4138,三光检验,2026-07-13 02:13:49
WIRE_TO_OPTICAL,Q26066079-9,N18-5,2QHB78,三光检验,2026-07-07 18:29:27
WIRE_TO_OPTICAL,Q26071320-7,N16-3,2QHB102,三光检验,2026-07-13 13:01:44
WIRE_TO_OPTICAL,Q26057202-2,C10-05,3QHS4120,三光检验,2026-07-07 06:23:33
WIRE_TO_OPTICAL,Q26067196-3,N15-7,2QHB55,三光检验,2026-07-07 07:59:01
WIRE_TO_OPTICAL,Q26071778-6,N1-8,2QHE72,三光检验,2026-07-13 10:52:49
WIRE_TO_OPTICAL,Q26064477-12,C15-05,3QHS4237,三光检验,2026-07-13 06:44:08
STAGING_TO_WIRE,Q26068822-2,D01-12,3QHS3826,焊线,2026-07-13 14:23:56
STAGING_TO_WIRE,Q26068286-17,Q23-05,3QHS2006,焊线,2026-07-13 13:09:45
STAGING_TO_WIRE,Q26072141-3,D10-04,3QHS3980,焊线,2026-07-13 13:39:55
STAGING_TO_WIRE,Q26068757-11,Q01-10,3QHS3966,焊线,2026-07-13 16:19:40
STAGING_TO_WIRE,Q26064053-1,Q01-07,3QHS3962,焊线,2026-07-13 13:52:09
STAGING_TO_WIRE,Q26066579-10,Q17-06,3QHS321,焊线,2026-07-13 13:30:39
STAGING_TO_WIRE,Q26064463-1,Q08-07,3QHS3908,焊线,2026-07-12 23:48:26
STAGING_TO_WIRE,Q26065275-6,Q03-02,3QHS3891,焊线,2026-07-13 15:17:48
STAGING_TO_WIRE,Q26044400-4,C17-02,3QHS4226,焊线,2026-07-13 14:54:36
STAGING_TO_WIRE,Q26065826-23,Q11-13,3QHS317,焊线,2026-07-13 14:33:38
STAGING_TO_WIRE,Q26057865-1,D21-11,3QHS2149,焊线,2026-07-13 06:05:36
STAGING_TO_WIRE,Q26063529-7,Q02-07,3QHS3950,焊线,2026-07-13 12:40:54
STAGING_TO_WIRE,Q26056411-10,Q02-09,3QHS3889,焊线,2026-07-13 12:40:21
STAGING_TO_WIRE,Q26071422-9,D01-16,3QHS3829,焊线,2026-07-13 13:41:01
STAGING_TO_WIRE,Q26071289-7,D03-14,3QHS2225,焊线,2026-07-13 14:40:02
STAGING_TO_WIRE,Q26068615-4,Q15-08,3QHS3075,焊线,2026-07-13 07:33:45
STAGING_TO_WIRE,Q26066608-11,Q01-16,3QHS4038,焊线,2026-07-13 14:33:57
STAGING_TO_WIRE,Q26055010-3,Q14-05,3QHS3107,焊线,2026-07-13 13:59:27
STAGING_TO_WIRE,Q26056372-2,D15-12,3QHS4032,焊线,2026-07-13 13:58:56
STAGING_TO_WIRE,Q26067468-2,Q05-14,3QHS4061,焊线,2026-07-13 14:33:04
STAGING_TO_WIRE,Q26057865-5,D13-01,3QHS4002,焊线,2026-07-13 15:07:44
STAGING_TO_WIRE,Q26067608-8,Q03-18,3QHS3120,焊线,2026-07-13 16:17:19
STAGING_TO_WIRE,Q26071857-16,Q19-15,3QHS588,焊线,2026-07-13 15:52:29
STAGING_TO_WIRE,Q26064699-17,C17-05,3QHS4219,焊线,2026-07-13 14:03:03
STAGING_TO_WIRE,Q26064463-6,Q12-06,3QHS3809,焊线,2026-07-13 06:07:08
STAGING_TO_WIRE,Q26071217-7,Q24-06,3QHS16,焊线,2026-07-13 13:57:08
STAGING_TO_WIRE,Q26056640-4,C02-12,3QHS3975,焊线,2026-07-13 15:10:11
STAGING_TO_WIRE,Q26052597-13,Q19-06,3QHS387,焊线,2026-07-13 13:11:21
STAGING_TO_WIRE,Q26067887-13,C01-06,3QHS3838,焊线,2026-07-13 12:31:20
STAGING_TO_WIRE,Q26065035-10,Q13-03,3QHS212,焊线,2026-07-13 13:53:38
STAGING_TO_WIRE,Q26062157-8,C01-01,3QHS3845,焊线,2026-07-13 15:06:10
STAGING_TO_WIRE,Q26066443-2,C15-09,3QHS4242,焊线,2026-07-13 15:52:39
STAGING_TO_WIRE,Q26071634-8,C13-03,3QHS4159,焊线,2026-07-13 14:52:48
STAGING_TO_WIRE,Q26064117-16,D23-2,3QHS4336,焊线,2026-07-13 11:15:33
STAGING_TO_WIRE,Q26062453-7,Q22-11,3QHS698,焊线,2026-07-13 15:16:50
STAGING_TO_WIRE,Q26047499-7,C14-15,3QHS4104,焊线,2026-07-13 16:07:44
STAGING_TO_WIRE,Q26071354-10,N4-14,2QHE49,焊线,2026-07-13 15:36:05
STAGING_TO_WIRE,Q26066207-14,C16-03,3QHS4259,焊线,2026-07-13 15:10:32
STAGING_TO_WIRE,Q26068682-25,Q21-08,3QHS381,焊线,2026-07-13 13:01:05
STAGING_TO_WIRE,Q26056145-11,D05-12,3QHS3132,焊线,2026-07-13 10:10:28
STAGING_TO_WIRE,Q26071210-2,Q12-11,3QHS3070,焊线,2026-07-13 16:15:38
STAGING_TO_WIRE,Q26064380-7,D13-04,3QHS3105,焊线,2026-07-13 06:41:39
STAGING_TO_WIRE,Q26066157-1,C03-15,3QHS4116,焊线,2026-07-13 13:40:36
STAGING_TO_WIRE,Q26064699-18,Q18-11,3QHS4257,焊线,2026-07-13 15:58:11
STAGING_TO_WIRE,Q26070003-35,C06-02,3QHS25,焊线,2026-07-13 14:24:21
STAGING_TO_WIRE,Q26070003-36,C06-03,3QHS3218,焊线,2026-07-13 15:51:57
STAGING_TO_WIRE,Q26063768-10,Q02-06,3QHS3956,焊线,2026-07-13 15:09:06
STAGING_TO_WIRE,Q26067686-6,D02-08,3QHS3822,焊线,2026-07-13 04:56:18
STAGING_TO_WIRE,Q26066579-12,Q16-03,3QHS386,焊线,2026-07-13 16:10:14
STAGING_TO_WIRE,Q26066579-11,D10-08,3QHS150,焊线,2026-07-13 13:11:37
STAGING_TO_WIRE,Q26067582-1,Q12-02,3QHS3846,焊线,2026-07-13 13:28:50
STAGING_TO_WIRE,Q26062157-6,D07-03,3QHS3816,焊线,2026-07-13 14:02:40
STAGING_TO_WIRE,Q26071792-2,N7-9,2QHE27,焊线,2026-07-13 16:09:22
STAGING_TO_WIRE,Q26060061-27,C10-09,3QHS4125,焊线,2026-07-13 14:40:38
STAGING_TO_WIRE,Q26066297-11,C08-02,3QHS4298,焊线,2026-07-13 07:38:34
STAGING_TO_WIRE,Q26054429-4,C04-12,3QHS4280,焊线,2026-07-13 14:25:23
STAGING_TO_WIRE,Q26064165-6,Q10-07,3QHS24,焊线,2026-07-13 16:18:59
STAGING_TO_WIRE,Q26062735-13,C04-01,3QHS4184,焊线,2026-07-13 13:40:14
STAGING_TO_WIRE,Q26068496-1,N2-13,3QHS6015,焊线,2026-07-13 09:57:06
STAGING_TO_WIRE,Q26064065-12,Q12-12,3QHS3079,焊线,2026-07-13 13:26:21
STAGING_TO_WIRE,Q26062803-21,C04-09,3QHS4265,焊线,2026-07-13 16:08:39
STAGING_TO_WIRE,Q26063104-11,Q19-12,3QHS3081,焊线,2026-07-13 15:14:38
STAGING_TO_WIRE,Q26065798-2,C06-11,3QHS3923,焊线,2026-07-13 15:41:40
STAGING_TO_WIRE,Q26067468-5,Q03-13,3QHS4047,焊线,2026-07-13 14:36:37
STAGING_TO_WIRE,Q26066992-1,Q04-15,3QHS4054,焊线,2026-07-13 16:18:44
STAGING_TO_WIRE,Q26064562-5,D13-07,3QHS4001,焊线,2026-07-13 08:14:35
STAGING_TO_WIRE,Q26066990-32,Q05-13,3QHS706,焊线,2026-07-13 14:32:32
STAGING_TO_WIRE,Q26054275-7,C13-07,3QHS4200,焊线,2026-07-13 05:40:18
STAGING_TO_WIRE,Q26068679-8,D10-13,3QHS3012,焊线,2026-07-13 10:19:57
STAGING_TO_WIRE,Q26068679-7,D12-16,3QHS3133,焊线,2026-07-13 14:26:58
STAGING_TO_WIRE,Q26057517-30,D17-09,3QHS009,焊线,2026-07-13 14:31:34
STAGING_TO_WIRE,Q26067460-57,D05-15,3QHS2152,焊线,2026-07-13 10:58:09
STAGING_TO_WIRE,Q26068720-1,N15-8,2QHB54,焊线,2026-07-13 10:04:48
STAGING_TO_WIRE,Q26079H18-1,N4-12,3QHS6007,焊线,2026-07-10 16:16:08
STAGING_TO_WIRE,Q26064065-8,D21-3,3QHS754,焊线,2026-07-12 17:24:20
STAGING_TO_WIRE,Q26064699-22,C17-08,3QHS4217,焊线,2026-07-13 15:43:01
STAGING_TO_WIRE,Q26067470-15,Q11-06,3QHS3930,焊线,2026-07-13 13:34:38
STAGING_TO_WIRE,Q26071703-5,Q10-08,3QHS378,焊线,2026-07-13 16:19:27
STAGING_TO_WIRE,Q26067587-14,C14-08,3QHS4181,焊线,2026-07-13 14:51:57
STAGING_TO_WIRE,Q26066659-4,D19-15,3QHS109,焊线,2026-07-13 16:20:10
STAGING_TO_WIRE,Q26067551-5,D07-08,3QHS3774,焊线,2026-07-13 14:25:40
STAGING_TO_WIRE,Q26054527-3,Q08-15,3QHS4202,焊线,2026-07-13 16:18:02
STAGING_TO_WIRE,Q26068683-22,Q24-11,3QHS3916,焊线,2026-07-13 13:54:17
STAGING_TO_WIRE,Q26064386-8,C07-13,3QHS4293,焊线,2026-07-13 13:38:45
STAGING_TO_WIRE,Q26045988-11,C09-15,3QHS4252,焊线,2026-07-13 12:16:55
STAGING_TO_WIRE,Q26045988-12,C09-01,3QHS4089,焊线,2026-07-13 16:07:54
STAGING_TO_WIRE,Q26066308-9,D17-05,3QHS4016,焊线,2026-07-13 16:18:30
STAGING_TO_WIRE,Q26044400-3,C03-07,3QHS4185,焊线,2026-07-13 13:00:14
STAGING_TO_WIRE,Q26067919-1-2,D14-10,3QHS767,焊线,2026-07-13 12:37:27
STAGING_TO_WIRE,Q26062235-4,Q18-04,3QHS4209,焊线,2026-07-09 02:27:30
STAGING_TO_WIRE,Q26061244-4,D14-08,3QHS762,焊线,2026-07-13 13:49:14
STAGING_TO_WIRE,Q26068088-4,Q13-04,3QHS213,焊线,2026-07-13 14:31:50
STAGING_TO_WIRE,Q26069D98-1,S01-01,3QHS4231,焊线,2026-07-13 14:45:16
STAGING_TO_WIRE,Q26069D75-1,C07-14,3QHS4292,焊线,2026-07-13 12:32:32
STAGING_TO_WIRE,Q26064310-22,Q06-18,3QHS4204,焊线,2026-07-13 15:10:53
STAGING_TO_WIRE,Q26061163-31,C12-01,3QHS4141,焊线,2026-07-13 13:01:23
STAGING_TO_WIRE,Q26068314-3,N2-2,2QHE69,焊线,2026-07-13 16:22:29
STAGING_TO_WIRE,Q26063419-6,C10-02,3QHS4106,焊线,2026-07-13 14:52:35
STAGING_TO_WIRE,Q26064339-11,Q09-08,3QHS703,焊线,2026-07-13 14:36:50
STAGING_TO_WIRE,Q26068704-4-2,Q04-01,3QHS3862,焊线,2026-07-13 15:44:09
STAGING_TO_WIRE,Q26067792-15,D10-01,3QHS3977,焊线,2026-07-13 10:48:24
STAGING_TO_WIRE,Q26071778-10,N2-8,2QHE68,焊线,2026-07-13 09:50:35
STAGING_TO_WIRE,Q26071778-17,N3-7,3QHS6023,焊线,2026-07-13 09:51:41
STAGING_TO_WIRE,Q26066887-1,C09-04,3QHS4093,焊线,2026-07-13 12:07:43
STAGING_TO_WIRE,Q26048318-8,D22-4,3QHS4322,焊线,2026-07-13 15:57:49
STAGING_TO_WIRE,Q26066990-33,Q19-01,3QHS541,焊线,2026-07-13 16:15:11
STAGING_TO_WIRE,Q26066990-29,Q01-13,3QHS4035,焊线,2026-07-13 13:34:01
STAGING_TO_WIRE,Q26068680-2,Q21-07,3QHS4033,焊线,2026-07-13 15:08:42
STAGING_TO_WIRE,Q26071564-5,N26-5,2QHB43,焊线,2026-07-13 15:48:54
STAGING_TO_WIRE,Q26066681-1,N,2QHB126,焊线,2026-07-13 09:02:04
STAGING_TO_WIRE,Q26064339-13,D14-06,3QHS3058,焊线,2026-07-13 16:16:34
STAGING_TO_WIRE,Q26072120-5,D15-08,3QHS4027,焊线,2026-07-13 15:56:12
STAGING_TO_WIRE,Q26057255-7,Q13-13,3QHS3028,焊线,2026-07-13 15:55:01
STAGING_TO_WIRE,Q26063323-1,C14-01,3QHS4172,焊线,2026-07-13 15:44:04
STAGING_TO_WIRE,Q26064852-4,Q07-18,3QHS4215,焊线,2026-07-13 13:04:04
STAGING_TO_WIRE,Q26063831-5-2,Q24-10,3QHS22,焊线,2026-07-13 12:37:42
STAGING_TO_WIRE,Q26063768-11,Q04-02,3QHS3878,焊线,2026-07-13 16:17:34
STAGING_TO_WIRE,Q26068580-1,N16-4,2QHB101,焊线,2026-07-13 13:39:56
STAGING_TO_WIRE,Q26066228-8,D10-05,3QHS3981,焊线,2026-07-13 15:06:26
STAGING_TO_WIRE,Q26061244-6,D07-14,3QHS3057,焊线,2026-07-13 12:31:39
STAGING_TO_WIRE,Q26068487-5,C16-04,3QHS4260,焊线,2026-07-13 14:09:47
STAGING_TO_WIRE,Q26062169-2,C03-13,3QHS4290,焊线,2026-07-13 14:04:40
STAGING_TO_WIRE,Q26043289-35,C11-05,3QHS4135,焊线,2026-07-13 14:04:54
STAGING_TO_WIRE,Q26066580-22,Q02-16,3QHS3125,焊线,2026-07-13 15:14:17
STAGING_TO_WIRE,Q26065226-7,Q03-07,3QHS3883,焊线,2026-07-13 12:40:02
STAGING_TO_WIRE,Q26057173-8,C13-13,3QHS4170,焊线,2026-07-13 14:25:56
STAGING_TO_WIRE,Q26064538-1,Q21-11,3QHS1109,焊线,2026-07-13 14:34:17
STAGING_TO_WIRE,Q26070015-4,C06-05,3QHS3203,焊线,2026-07-13 15:51:35
STAGING_TO_WIRE,Q26068719-5,C02-06,3QHS3969,焊线,2026-07-13 13:13:25
STAGING_TO_WIRE,Q26062692-3,C10-01,3QHS4105,焊线,2026-07-13 14:03:35
STAGING_TO_WIRE,Q26065475-25,C05-09,3QHS4111,焊线,2026-07-13 16:06:27
STAGING_TO_WIRE,Q26067594-4,C06-10,3QHS3927,焊线,2026-07-13 15:52:58
STAGING_TO_WIRE,Q26055657-4,Q06-20,3QHS4203,焊线,2026-07-13 15:10:17
STAGING_TO_WIRE,Q26063831-5-4,Q23-06,3QHS2693,焊线,2026-07-13 13:58:41
STAGING_TO_WIRE,Q26061223-5,Q23-03,3QHS2688,焊线,2026-07-13 15:58:33
STAGING_TO_WIRE,Q26067628-2,Q23-02,3QHS3920,焊线,2026-07-13 13:30:21
STAGING_TO_WIRE,Q26063360-14,Q21-02,3QHS157,焊线,2026-07-13 16:16:04
STAGING_TO_WIRE,Q26071506-4-1,Q08-06,3QHS3929,焊线,2026-07-13 15:14:57
STAGING_TO_WIRE,Q26063360-10,Q16-07,3QHS3085,焊线,2026-07-13 16:00:37
STAGING_TO_WIRE,Q26064539-1,Q12-14,3QHS501,焊线,2026-07-13 13:31:57
STAGING_TO_WIRE,Q26071423-5,D09-02,3QHS3785,焊线,2026-07-13 13:39:44
STAGING_TO_WIRE,Q26063529-13,Q10-04,3QHS2686,焊线,2026-07-13 16:18:18
STAGING_TO_WIRE,Q26070016-42,C07-02,3QHS3848,焊线,2026-07-13 15:42:50
STAGING_TO_WIRE,Q26070016-41,C07-06,3QHS3849,焊线,2026-07-13 14:39:08
STAGING_TO_WIRE,Q26066663-8,D17-16,3QHS12,焊线,2026-07-13 13:04:42
STAGING_TO_WIRE,Q26071606-33,D08-10,3QHS3770,焊线,2026-07-13 12:30:49
STAGING_TO_WIRE,Q26066762-4,D15-15,3QHS539,焊线,2026-07-13 16:00:03
STAGING_TO_WIRE,Q26062789-4,D05-04,3QHS3314,焊线,2026-07-13 16:08:15
STAGING_TO_WIRE,Q26071800-8,N5-15,2QHE42,焊线,2026-07-13 13:49:23
STAGING_TO_WIRE,Q26071848-29,D06-02,3QHS3784,焊线,2026-07-13 14:43:14
STAGING_TO_WIRE,Q26071848-28,Q01-18,3QHS4040,焊线,2026-07-13 16:17:04
STAGING_TO_WIRE,Q26065838-30,Q01-21,3QHS3073,焊线,2026-07-13 16:06:05
STAGING_TO_WIRE,Q26061223-7,C06-08,3QHS3935,焊线,2026-07-13 15:51:45
STAGING_TO_WIRE,Q26066228-6,Q13-12,3QHS704,焊线,2026-07-13 10:14:13
STAGING_TO_WIRE,Q26065838-29,Q10-17,3QHS326,焊线,2026-07-13 16:19:12
STAGING_TO_WIRE,Q26065838-28,D21-6,3QHS4340,焊线,2026-07-13 13:08:10
STAGING_TO_WIRE,Q26071848-27,Q05-21,3QHS3006,焊线,2026-07-13 12:40:36
STAGING_TO_WIRE,Q26067395-19,D18-03,3QHS510,焊线,2026-07-13 15:10:36
STAGING_TO_WIRE,Q26055319-18,Q14-01,3QHS584,焊线,2026-07-13 13:10:18
STAGING_TO_WIRE,Q26066300-26,Q04-16,3QHS4055,焊线,2026-07-13 13:07:14
STAGING_TO_WIRE,Q26068151-6,D21-16,3QHS364,焊线,2026-07-13 09:10:33
STAGING_TO_WIRE,Q26057256-2,D16-10,3QHS1107,焊线,2026-07-13 15:06:51
STAGING_TO_WIRE,Q26063831-5-3,C06-01,3QHS06,焊线,2026-07-13 13:40:24
STAGING_TO_WIRE,Q26071848-24,Q02-14,3QHS4044,焊线,2026-07-13 10:50:56
STAGING_TO_WIRE,Q26065226-23,C06-06,3QHS3202,焊线,2026-07-13 14:24:32
STAGING_TO_WIRE,Q26065226-9,Q08-01,3QHS3905,焊线,2026-07-13 15:17:29
STAGING_TO_WIRE,Q26068217-2,D07-07,3QHS3791,焊线,2026-07-13 12:29:33
STAGING_TO_WIRE,Q26067176-3,D10-12,3QHS587,焊线,2026-07-13 14:02:01
STAGING_TO_WIRE,Q26057517-32,D22-3,3QHS4321,焊线,2026-07-13 15:55:54
STAGING_TO_WIRE,Q26071606-30,D14-04,3QHS3089,焊线,2026-07-13 13:54:58
STAGING_TO_WIRE,Q26064769-3,Q01-01,3QHS3886,焊线,2026-07-13 15:18:04
STAGING_TO_WIRE,Q26068151-16,D04-08,3QHS3781,焊线,2026-07-13 16:11:13
STAGING_TO_WIRE,Q26056372-1,Q22-03,3QHS077,焊线,2026-07-13 13:33:24
STAGING_TO_WIRE,Q26064463-11,Q02-10,3QHS3893,焊线,2026-07-13 15:47:42
STAGING_TO_WIRE,Q26064463-12,Q24-04,3QHS3801,焊线,2026-07-13 13:08:46
STAGING_TO_WIRE,Q26043289-40,C07-15,3QHS4291,焊线,2026-07-13 14:27:40
STAGING_TO_WIRE,Q26079288-1,S01-04,3QHS3926,焊线,2026-07-13 15:00:28
STAGING_TO_WIRE,Q26071216-4,Q13-07,3QHS559,焊线,2026-07-13 15:11:36
STAGING_TO_WIRE,Q26071778-7,N1-14,2QHE63,焊线,2026-07-13 12:40:04
STAGING_TO_WIRE,Q26068682-26,D16-12,3QHS716,焊线,2026-07-13 14:18:34
STAGING_TO_WIRE,Q26072141-4,D21-5,3QHS4339,焊线,2026-07-13 13:55:35
STAGING_TO_WIRE,Q26052870-3-5,C16-12,3QHS4285,焊线,2026-07-13 15:42:20
STAGING_TO_WIRE,Q26068653-12,Q12-07,3QHS3805,焊线,2026-07-13 11:29:49
STAGING_TO_WIRE,Q26066656-9,D10-16,3QHS2148,焊线,2026-07-13 15:11:07
STAGING_TO_WIRE,Q26071551-1,N1-7,2QHE51,焊线,2026-07-13 16:11:11
STAGING_TO_WIRE,Q26071800-5,N7-8,2QHE35,焊线,2026-07-13 13:49:52
STAGING_TO_WIRE,Q26065328-3,D07-11,3QHS4013,焊线,2026-07-13 14:04:16
STAGING_TO_WIRE,Q26062159-20,D02-02,3QHS3830,焊线,2026-07-13 09:31:51
STAGING_TO_WIRE,Q26064566-12,Q03-17,3QHS3076,焊线,2026-07-13 12:39:46
STAGING_TO_WIRE,Q26065263-5,Q21-14,3QHS547,焊线,2026-07-13 13:09:29
STAGING_TO_WIRE,Q26067497-33,D14-02,3QHS733,焊线,2026-07-13 14:06:19
STAGING_TO_WIRE,Q26067601-12,D06-16,3QHS2156,焊线,2026-07-13 15:43:31
STAGING_TO_WIRE,Q26066207-16,C10-04,3QHS4119,焊线,2026-07-13 15:42:08
STAGING_TO_WIRE,Q26072612-3,N6-11,2QHE47,焊线,2026-07-13 13:42:36
STAGING_TO_WIRE,Q26072612-5,N6-14,2QHE43,焊线,2026-07-13 16:14:14
STAGING_TO_WIRE,Q26066755-8,N3-4,2QHE79,焊线,2026-07-13 13:45:49
STAGING_TO_WIRE,Q26063325-2,C17-06,3QHS4218,焊线,2026-07-13 14:43:03
STAGING_TO_WIRE,Q26063325-3,C10-11,3QHS4128,焊线,2026-07-13 15:44:18
STAGING_TO_WIRE,Q26066731-4,Q15-10,3QHS3095,焊线,2026-07-13 15:06:38
STAGING_TO_WIRE,Q26071433-1,C01-08,3QHS3820,焊线,2026-07-13 14:41:58
STAGING_TO_WIRE,Q26066207-15,C05-04,3QHS4314,焊线,2026-07-13 16:09:13
STAGING_TO_WIRE,Q26068609-3,D08-03,3QHS3736,焊线,2026-07-13 15:07:04
STAGING_TO_WIRE,Q26071401-3,N21-7,2QHB24,焊线,2026-07-13 14:56:44
STAGING_TO_WIRE,Q26051884-5,Q10-15,3QHS2100,焊线,2026-07-13 13:50:28
STAGING_TO_WIRE,Q26067537-5,Q12-05,3QHS3808,焊线,2026-07-13 13:35:09
STAGING_TO_WIRE,Q26065826-24,C02-09,3QHS3973,焊线,2026-07-13 15:11:19
STAGING_TO_WIRE,Q26066734-2,D12-09,3QHS3747,焊线,2026-07-13 16:07:36
STAGING_TO_WIRE,Q26056354-1,D16-06,3QHS3783,焊线,2026-07-13 15:48:16
STAGING_TO_WIRE,Q26066207-12,C07-10,3QHS4296,焊线,2026-07-13 14:26:45
STAGING_TO_WIRE,Q26066308-5,D18-13,3QHS2013,焊线,2026-07-13 14:36:04
STAGING_TO_WIRE,Q26066308-6,D19-07,3QHS117,焊线,2026-07-13 16:17:48
STAGING_TO_WIRE,Q26066911-1,D19-11,3QHS112,焊线,2026-07-13 08:12:02
STAGING_TO_WIRE,Q26068497-1,N2-3,2QHE67,焊线,2026-07-13 13:20:22
STAGING_TO_WIRE,Q26071606-26,D17-11,3QHS537,焊线,2026-07-13 10:13:28
STAGING_TO_WIRE,Q26064117-17,C05-03,3QHS4313,焊线,2026-07-13 16:08:05
STAGING_TO_WIRE,Q26066670-3,D16-16,3QHS1025,焊线,2026-07-13 06:28:27
STAGING_TO_WIRE,Q26062157-5,D07-06,3QHS3812,焊线,2026-07-13 14:02:15
STAGING_TO_WIRE,Q26064339-12,D12-07,3QHS3103,焊线,2026-07-13 14:42:46
STAGING_TO_WIRE,Q26063529-10,Q04-06,3QHS3868,焊线,2026-07-13 13:04:56
STAGING_TO_WIRE,Q26063529-9,Q07-09,3QHS3865,焊线,2026-07-13 15:09:49
STAGING_TO_WIRE,Q26068715-1,D19-04,3QHS505,焊线,2026-07-13 10:29:43
STAGING_TO_WIRE,Q26057517-31,D22-15,3QHS4333,焊线,2026-07-13 15:57:03
STAGING_TO_WIRE,Q26064465-12,Q23-12,3QHS3918,焊线,2026-07-13 12:39:14
STAGING_TO_WIRE,Q26063411-26,Q10-16,3QHS393,焊线,2026-07-13 16:16:47
STAGING_TO_WIRE,Q26066993-1,D08-07,3QHS724,焊线,2026-07-13 11:53:12
STAGING_TO_WIRE,Q26065336-1-1,C16-13,3QHS4274,焊线,2026-07-13 14:41:12
STAGING_TO_WIRE,Q26065328-2,Q15-09,3QHS758,焊线,2026-07-13 15:57:30
STAGING_TO_WIRE,Q26061223-3,D05-09,3QHS717,焊线,2026-07-13 14:54:50
STAGING_TO_WIRE,Q26071778-20,N2-6,3QHS6003,焊线,2026-07-13 09:53:11
STAGING_TO_WIRE,Q26059D21-1-1,S01-05,3QHS05,焊线,2026-07-13 10:39:30
STAGING_TO_WIRE,Q26065773-1,C04-06,3QHS4117,焊线,2026-07-13 14:38:30
STAGING_TO_WIRE,Q26068390-12,Q13-11,3QHS560,焊线,2026-07-13 09:30:26
STAGING_TO_WIRE,Q26053778-13,C01-15,3QHS3835,焊线,2026-07-13 08:01:06
