PACKAGE,次数,TASK_TYPE分布,样例SUBLOT
CSOP10(300mil)(5R),6,STAGING_TO_WIRE:4; WIRE_TO_GATE:2,Q26068325-6 | Q26068325-10 | Q26068335-11
DFNWB1*1-4L-J(P0.65T0.37),1,STAGING_TO_WIRE:1,Q26056401-2
DFNWB1*1-4L-N(P0.65T0.37),1,DIE_TO_OVEN:1,Q26079442-1
DFNWB1*1.4-4L(P0.5T0.37),8,DIE_TO_OVEN:2; STAGING_TO_WIRE:4; WIRE_TO_GATE:2,Q26071889-5 | Q26071888-1 | Q26073889-6-1
DFNWB1.2*1.6-04L-A(P0.60T0.55),3,DIE_TO_OVEN:1; STAGING_TO_WIRE:1; WIRE_TO_GATE:1,Q26071516-11 | Q26071516-8 | Q26071516-9
DFNWB1.4*1-8L-C(P0.35T0.37),3,STAGING_TO_WIRE:2; WIRE_TO_GATE:1,Q26071307-12 | Q26070029-1 | Q26071307-19
DFNWB1.45*1-6L-G(P0.50T0.55),4,STAGING_TO_WIRE:2; WIRE_TO_OPTICAL:2,Q26072621-24 | Q26072621-25 | Q26072621-34
DFNWB2*2-06L-AB(P0.65T0.75)(1 block),3,STAGING_TO_WIRE:3,Q26073204-8 | Q26056376-4 | Q26056363-7
DFNWB2*2-06L-AG(P0.65T0.75)(1 block),1,STAGING_TO_WIRE:1,Q26071376-19
DFNWB2*2-06L-J(P0.65T0.75)(1 block),3,DIE_TO_OVEN:2; STAGING_TO_WIRE:1,Q26068275-15 | Q26068275-14 | Q26068275-10
DFNWB2*2-08L-L(P0.50T0.55)(1 block),10,STAGING_TO_WIRE:10,Q26062348-24 | Q26067491-13 | Q26067491-14
DFNWB2*2-6L-SB(P0.65T0.55)(1 block),2,DIE_TO_OVEN:1; WIRE_TO_NITROGEN:1,Q26073284-26 | Q26073284-2
DFNWB2*2-8L-AK(P0.50T0.75)(1 block),3,STAGING_TO_WIRE:2; WIRE_TO_NITROGEN:1,Q26073203-8 | Q26068665-41 | Q26068665-37
DFNWB2*2-8L-W(P0.50T0.75)(1 block),5,DIE_TO_OVEN:1; STAGING_TO_WIRE:4,Q26066747-10 | Q26056345-6 | Q26066748-2
DFNWB2*3-08L-P(P0.50T0.55),2,DIE_TO_OVEN:1; STAGING_TO_WIRE:1,Q26071279-44 | Q26071279-4
DFNWB2*3-6L-SA(P0.50T0.75)(1 block),7,STAGING_TO_WIRE:5; WIRE_TO_NITROGEN:2,Q26074640-12 | Q26066365-15 | Q26066365-17
DFNWB2*3-8L-ND(P0.50T0.75)(1 block),1,STAGING_TO_WIRE:1,Q26072599-24
DFNWB2*4-06L-NA(P0.50T0.75)(1 block),1,DIE_TO_OVEN:1,Q26067953-1
DFNWB2.2*2.9-6L-NA(P0.50T0.55)(2 block),4,STAGING_TO_WIRE:2; WIRE_TO_GATE:2,Q26061851-3 | Q26061851-2 | Q26061851-15
DFNWB2.5*1-10L-H(P0.50T0.50),18,DIE_TO_OVEN:8; STAGING_TO_WIRE:7; WIRE_TO_GATE:3,Q26067403-10 | Q26067402-23 | Q26067402-22
DFNWB3*2-14L-C(P0.40T0.75)(1 block),12,DIE_TO_OVEN:1; STAGING_TO_WIRE:7; WIRE_TO_NITROGEN:4,Q26075033-21 | Q26073136-7 | Q26075033-5
DFNWB3*3-08L(P0.65T0.75)(1 block),1,STAGING_TO_WIRE:1,Q26071490-16
DFNWB3*3-08L-F(P0.65T0.75)(1 block),1,STAGING_TO_WIRE:1,Q26067607-1
DFNWB3*3-08L-M(P0.65T0.75)(1 block),1,STAGING_TO_WIRE:1,Q26067336-1
DFNWB3*3-08L-ND(P0.65T0.75)(1 block),2,STAGING_TO_WIRE:2,Q26066923-10 | Q26066923-11
DFNWB3*3-10L(P0.50T0.75)(1 block),2,STAGING_TO_WIRE:2,Q26068537-60 | Q26068537-62
DFNWB3*3-10L-B(P0.50T0.75)(1 block),10,DIE_TO_OVEN:1; STAGING_TO_WIRE:9,Q26074645-14-1 | Q26071375-14 | Q26071375-15
DFNWB3*3-10L-P(P0.50T0.75)(1 block),2,DIE_TO_OVEN:1; STAGING_TO_WIRE:1,Q26073496-7 | Q26065344-8
DFNWB3*3-12L(P0.45T0.75)(1 block),4,DIE_TO_OVEN:4,Q26056941-6 | Q26056941-4 | Q26056941-7
DFNWB3*3-8L-NF(P0.65T0.85)(1 block)(wettable),5,DIE_TO_OVEN:1; STAGING_TO_WIRE:4,Q26067103-3 | Q26066740-23 | Q26066740-24
DFNWB4.5*3-14L-NB(P0.65T0.85)(1 block)(wettable),1,DIE_TO_OVEN:1,Q26074241-1
DIP12/PP(350mil)(6R),2,STAGING_TO_WIRE:1; WIRE_TO_GATE:1,Q26061294-23 | Q26061294-18
FTSOT-23-6L(12R),1,WIRE_TO_GATE:1,Q26068130-1
HTSSOP32/PP(240mil)(8R),3,WIRE_TO_OPTICAL:3,Q26065490-13 | Q26065490-14 | Q26065490-9
HTSSOP32/PP-A(240mil)(8R),3,DIE_TO_OVEN:2; WIRE_TO_GATE:1,Q26061811-22 | Q26061810-1 | Q26064026-7
MIP3+P,1,STAGING_TO_WIRE:1,Q26079283-1
MISWB1.1*1.1-09L(P0.40T0.55),2,STAGING_TO_WIRE:2,Q26066421-14 | Q26066421-15
MISWB1.8*2.6-16L(P0.4T0.55),1,WIRE_TO_GATE:1,Q26067826-22
MSOP10(8R),4,DIE_TO_OVEN:1; STAGING_TO_WIRE:1; WIRE_TO_GATE:1; WIRE_TO_OPTICAL:1,Q26067644-2 | Q26056256-4 | Q26066336-13
MSOP10/PP,1,WIRE_TO_OPTICAL:1,Q26065043-1
MSOP8(118mil)(14R),9,STAGING_TO_WIRE:4; WIRE_TO_GATE:5,Q26055571-14 | Q26042123-8 | Q26062454-1
MSOP8(8R),7,DIE_TO_OVEN:1; STAGING_TO_WIRE:3; WIRE_TO_GATE:3,Q26071193-1 | Q26067782-11 | Q26071188-8
MSOP8/PP,4,DIE_TO_OVEN:1; STAGING_TO_WIRE:3,Q26064846-1 | Q26068442-2 | Q26072545-14
NEPDFNWB3*3-8L-NA(P0.65T0.75),1,STAGING_TO_WIRE:1,Q26079446-1
PDFNWB3.3×3.3-8L(P0.65T0.75),5,DIE_TO_OVEN:3; STAGING_TO_WIRE:1; WIRE_TO_GATE:1,Q26072073-6 | Q26072073-7 | Q26072071-12
PDFNWB3.3×3.3-8L-B(P0.65T0.75),1,STAGING_TO_WIRE:1,Q26072648-1
PDFNWB5×6-8L(P1.27T0.95),11,STAGING_TO_WIRE:1; WIRE_TO_NITROGEN:4; WIRE_TO_OPTICAL:6,Q26066357-3 | Q26066352-3 | Q26066351-3
PDFNWB5×6-8L-A(P1.27T0.95),4,WIRE_TO_NITROGEN:4,Q26079098-1 | Q26079099-1 | Q26079097-1
QFNWB1.4*1.8-10L-B(P0.40T0.55),1,WIRE_TO_GATE:1,Q26072457-16
QFNWB1.5*1.5-08L-C(P0.50T0.55),1,STAGING_TO_WIRE:1,Q26073759-1
QFNWB1.6*1.6-14L-NA(P0.35T0.55),2,STAGING_TO_WIRE:1; WIRE_TO_GATE:1,Q26073653-9 | Q26073653-15
QFNWB1.7*2-12L-C(P0.40T0.50),3,DIE_TO_OVEN:2; STAGING_TO_WIRE:1,Q26072631-62 | Q26072631-13 | Q26072631-4
QFNWB1.9*1.8-12L-NA(P0.40T0.55),2,STAGING_TO_WIRE:2,Q26057755-8 | Q26057755-7
QFNWB3*3-16L(P0.50T0.75)(1 block),4,STAGING_TO_WIRE:4,Q26061317-2 | Q26072009-1 | Q26061316-3
QFNWB3.5*3.5-14L(P0.50T0.75)(1 block),1,STAGING_TO_WIRE:1,Q26067145-24
QFNWB3.5*3.5-14L(P0.50T0.85)(1 block),2,DIE_TO_OVEN:2,Q26079876-1 | Q26079875-1
QFNWB3.5*3.5-14L(P0.50T0.85)(1 block)(wettable),2,STAGING_TO_WIRE:2,Q26064033-4 | Q26064033-6
QFNWB3.5*3.5-20L-E(P0.50T0.75)(1 block),4,DIE_TO_OVEN:3; STAGING_TO_WIRE:1,Q26068792-6 | Q26068792-8 | Q26068792-7
QFNWB4*4-24L(P0.50T0.75)(1 block),1,STAGING_TO_WIRE:1,Q26073235-11
QFNWB4*4-24L-M(P0.50T0.75)(1 block),1,STAGING_TO_WIRE:1,Q26079485-1
QFNWB5*5-32L(P0.50T0.75)(1 block),2,DIE_TO_OVEN:1; STAGING_TO_WIRE:1,Q26074761-11 | Q26074762-2
SOP14(9R),16,STAGING_TO_WIRE:9; WIRE_TO_GATE:3; WIRE_TO_OPTICAL:4,Q26073824-10 | Q26066464-6 | Q26073824-12
SOP16(150mil)(12R),9,DIE_TO_OVEN:2; STAGING_TO_WIRE:6; WIRE_TO_GATE:1,Q26071763-10 | Q26073821-36 | Q26073821-21
SOP16(300mil)(5R),9,DIE_TO_OVEN:1; STAGING_TO_WIRE:4; WIRE_TO_GATE:1; WIRE_TO_NITROGEN:1; WIRE_TO_OPTICAL:2,Q26073023-5 | Q26061163-69 | Q26067923-6-1
SOP28(300mil)(5R),6,STAGING_TO_WIRE:4; WIRE_TO_GATE:2,Q26064705-54 | Q26067930-45 | Q26067930-48
SOP8(150mil)(12R),78,DIE_TO_OVEN:19; STAGING_TO_WIRE:22; WIRE_TO_GATE:21; WIRE_TO_NITROGEN:8; WIRE_TO_OPTICAL:8,Q26073664-4 | Q26073668-5 | Q26073861-10
SOP8(208mil)(6R),2,STAGING_TO_WIRE:1; WIRE_TO_GATE:1,Q26071851-7 | Q26071851-14
SOP8(300mil)(5R),3,STAGING_TO_WIRE:3,Q26063201-6-1 | Q26066995-3 | Q26066995-14
SOP8(8R),5,STAGING_TO_WIRE:3; WIRE_TO_GATE:2,Q26073522-3 | Q26072476-3 | Q26066116-1
SOP8/PP(150mil)(12R),27,DIE_TO_OVEN:7; STAGING_TO_WIRE:17; WIRE_TO_GATE:2; WIRE_TO_OPTICAL:1,Q26063224-8 | Q26074602-21 | Q26072967-6
SSOP10,2,DIE_TO_OVEN:2,Q26072641-2 | Q26072641-1
SSOP10(150mil)(8R),3,STAGING_TO_WIRE:3,Q26073928-2 | Q26068250-4 | Q26074791-5
SSOP14/PP(150mil)(8R),10,DIE_TO_OVEN:1; STAGING_TO_WIRE:2; WIRE_TO_NITROGEN:2; WIRE_TO_OPTICAL:5,Q26073213-2 | Q26067490-3 | Q26067490-9
SSOP16,2,STAGING_TO_WIRE:2,Q26072381-5 | Q26072382-1
SSOP16(150mil)(8R),4,STAGING_TO_WIRE:3; WIRE_TO_GATE:1,Q26066097-7 | Q26057114-15 | Q26057114-17
SSOP16/PP(150mil)(8R)(P0.5),6,DIE_TO_OVEN:1; WIRE_TO_NITROGEN:1; WIRE_TO_OPTICAL:4,Q26067845-2 | Q26066042-18 | Q26066042-14
SSOP16/PP(150mil)(8R)(P0.5A),4,WIRE_TO_NITROGEN:1; WIRE_TO_OPTICAL:3,Q26064709-12 | Q26064708-1 | Q26064708-10
SSOP20(150mil),1,STAGING_TO_WIRE:1,Q26054432-3-8
SSOP24(150mil),7,STAGING_TO_WIRE:3; WIRE_TO_GATE:4,Q26073052-9 | Q26073052-6 | Q26073052-7
SSOP24(209MIL),6,STAGING_TO_WIRE:5; WIRE_TO_GATE:1,Q26072242-2 | Q26072242-12 | Q26072242-13
SSOP24/PP(150mil)(9R)(P0.65),1,WIRE_TO_NITROGEN:1,Q26079294-1
SSOP9(150mil)(8R),1,STAGING_TO_WIRE:1,Q26062443-2
TO-220F-C,2,DIE_TO_WIRE_STAGING:1; STAGING_TO_WIRE:1,Q26075363-3 | Q26075363-1
TO-247APlus-4L,13,DIE_TO_WIRE_STAGING:13,Q26079458-1 | Q26079468-1 | Q26079462-1
TOLLB-8L(6R),3,WIRE_TO_NITROGEN:3,Q26066327-2 | Q26066328-2 | Q26066330-2
TOLT-16L,3,DIE_TO_WIRE_STAGING:3,Q26079X03-1 | Q26079X02-1 | Q26079X01-1
TSOT-23-6L,5,DIE_TO_OVEN:1; STAGING_TO_WIRE:4,Q26060037-1 | Q26072260-10 | Q26065180-3
TSSOP14,4,DIE_TO_OVEN:1; STAGING_TO_WIRE:2; WIRE_TO_GATE:1,Q26071427-4 | Q26065869-1 | Q26065869-2
TSSOP14(173mil)(10R),4,DIE_TO_OVEN:1; STAGING_TO_WIRE:2; WIRE_TO_OPTICAL:1,Q26072355-14 | Q26067148-18 | Q26066607-3
TSSOP16,6,STAGING_TO_WIRE:4; WIRE_TO_GATE:2,Q26055162-6 | Q26055162-8 | Q26063124-1
TSSOP16(173mil)(10R),12,DIE_TO_OVEN:1; STAGING_TO_WIRE:4; WIRE_TO_GATE:2; WIRE_TO_OPTICAL:5,Q26066966-28 | Q26071246-2 | Q26071246-1
TSSOP16/PP,2,DIE_TO_OVEN:1; STAGING_TO_WIRE:1,Q26067752-7 | Q26067751-2
TSSOP16/PP(173mil)(10R),4,DIE_TO_OVEN:1; STAGING_TO_WIRE:2; WIRE_TO_GATE:1,Q26062192-20 | Q26031361-9 | Q26062191-14
TSSOP20(173mil)(10R),1,STAGING_TO_WIRE:1,Q26066657-2
TSSOP24(173mil)(10R),1,WIRE_TO_GATE:1,Q26066245-3
TSSOP28,4,STAGING_TO_WIRE:2; WIRE_TO_GATE:2,Q26063148-4 | Q26063148-5 | Q26072878-6
TSSOP28/PP,1,WIRE_TO_GATE:1,Q26064417-2
TSSOP28/PP(173mil)(10R),5,DIE_TO_OVEN:1; STAGING_TO_WIRE:3; WIRE_TO_GATE:1,Q26054939-3 | Q26064678-8 | Q26061143-27
TSSOP38,2,STAGING_TO_WIRE:2,Q26061273-6 | Q26062330-3
TSSOP8(8R),8,DIE_TO_OVEN:1; STAGING_TO_WIRE:5; WIRE_TO_NITROGEN:2,Q26073675-14 | Q26073674-8 | Q26073676-1
