TASK_TYPE,SUBLOT,AREA,EQP,STEP,DATES,PACKAGE
DIE_TO_WIRE_STAGING,Q26069Y01-1,N8-8,2ZPB51,焊线,2026-06-09 04:13:08,TO-263-5L
DIE_TO_WIRE_STAGING,Q26073343-6,N7-5,2ZPB26,焊线,2026-07-16 12:48:33,TO-126
DIE_TO_WIRE_STAGING,Q26072773-2,N9-4,2ZPB102,焊线,2026-07-14 13:29:11,TO-263-7L(2R)
DIE_TO_WIRE_STAGING,Q26072103-22,N7-7,2ZPB49,焊线,2026-07-15 06:05:46,TO-220F-C
DIE_TO_WIRE_STAGING,Q26068676-2,N4-6,2ZPB74,焊线,2026-07-15 10:45:04,TO-247
DIE_TO_WIRE_STAGING,Q26068676-3,N4-6,2ZPB74,焊线,2026-07-15 12:17:55,TO-247
DIE_TO_WIRE_STAGING,Q26067852-3,N2-9,2ZPB09,焊线,2026-07-16 08:57:32,TO-252-2L(6R)
DIE_TO_WIRE_STAGING,Q26068670-6,N4-4,2ZPB72,焊线,2026-07-15 09:08:40,TO-247
DIE_TO_WIRE_STAGING,Q26072988-6,N3-2,2ZPB64,焊线,2026-07-15 05:17:17,TO-252-2L(6R)
DIE_TO_WIRE_STAGING,Q26064828-2,N3-2,2ZPB64,焊线,2026-07-16 12:40:00,TO-252-2L(6R)
DIE_TO_WIRE_STAGING,Q26072016-4,N9-1,2ZPB107,焊线,2026-07-16 09:51:43,TO-263-7L(2R)
DIE_TO_WIRE_STAGING,Q26068668-6,N4-6,2ZPB74,焊线,2026-07-16 03:53:11,TO-247
DIE_TO_WIRE_STAGING,Q26068670-3,N4-4,2ZPB72,焊线,2026-07-15 05:09:41,TO-247
DIE_TO_WIRE_STAGING,Q26068668-7,N4-6,2ZPB74,焊线,2026-07-16 05:17:36,TO-247
DIE_TO_WIRE_STAGING,Q26049968-1,N8-7,2ZPB32,焊线,2026-04-26 18:50:45,TO-263-5L
DIE_TO_WIRE_STAGING,Q26073021-3-2,N2-4,2ZPB04,焊线,2026-07-16 12:36:04,TO-252-2L(6R)
DIE_TO_WIRE_STAGING,Q26072418-1,N8-6,2ZPB31,焊线,2026-07-16 12:32:00,TO-263C-2L
DIE_TO_WIRE_STAGING,Q26068670-5,N4-4,2ZPB72,焊线,2026-07-15 07:29:14,TO-247
DIE_TO_WIRE_STAGING,Q26066792-4,N3-5,2ZPB94,焊线,2026-07-16 12:30:58,TOLL-8L(6R)
DIE_TO_WIRE_STAGING,Q26079818-1,N9-1,2ZPB76,焊线,2026-07-15 15:49:13,TO-247Plus-3L
DIE_TO_WIRE_STAGING,Q26068675-2,N4-4,2ZPB72,焊线,2026-07-16 05:19:42,TO-247
DIE_TO_WIRE_STAGING,Q26072420-2,N8-6,2ZPB31,焊线,2026-07-14 02:08:01,TO-263C-2L
DIE_TO_WIRE_STAGING,Q26068668-2,N4-6,2ZPB74,焊线,2026-07-16 00:04:12,TO-247
DIE_TO_WIRE_STAGING,Q26068180-1,N3-6,2ZPB111,焊线,2026-07-16 01:32:43,TO-252-2L(8R)
DIE_TO_WIRE_STAGING,Q26079819-1,N9-1,2ZPB76,焊线,2026-07-15 15:48:13,TO-247Plus-3L
DIE_TO_WIRE_STAGING,Q26079820-1,N9-1,2ZPB76,焊线,2026-07-15 15:47:14,TO-247Plus-3L
DIE_TO_WIRE_STAGING,Q26079821-1,N9-1,2ZPB76,焊线,2026-07-15 15:46:16,TO-247Plus-3L
DIE_TO_WIRE_STAGING,Q26079822-1,N9-1,2ZPB76,焊线,2026-07-15 15:44:46,TO-247Plus-3L
DIE_TO_WIRE_STAGING,Q26079331-1,N5-4,2ZPB77,焊线,2026-07-15 06:45:15,TO-247Plus-4L
DIE_TO_WIRE_STAGING,Q26068730-1,N5-5,2ZPB75,焊线,2026-07-15 11:10:09,TO-247
DIE_TO_WIRE_STAGING,Q26068675-1,N4-4,2ZPB72,焊线,2026-07-16 04:09:42,TO-247
DIE_TO_WIRE_STAGING,Q26063138-3,N3-4,2ZPB93,焊线,2026-07-16 07:28:07,TOLL-8L(6R)
DIE_TO_WIRE_STAGING,Q26068670-7,N4-4,2ZPB72,焊线,2026-07-15 10:27:07,TO-247
DIE_TO_WIRE_STAGING,Q26079329-1,N5-4,2ZPB77,焊线,2026-07-15 06:04:02,TO-247Plus-4L
DIE_TO_WIRE_STAGING,Q26079332-1,N5-4,2ZPB77,焊线,2026-07-15 06:17:51,TO-247Plus-4L
DIE_TO_WIRE_STAGING,Q26079330-1,N5-4,2ZPB77,焊线,2026-07-15 06:32:19,TO-247Plus-4L
DIE_TO_WIRE_STAGING,Q26079339-1,N5-4,2ZPB77,焊线,2026-07-15 07:35:26,TO-247Plus-4L
DIE_TO_WIRE_STAGING,Q26079309-1,N5-4,2ZPB77,焊线,2026-07-16 13:16:02,TO-247Plus-4L
DIE_TO_WIRE_STAGING,Q26072104-2,N5-3,2ZPB78,焊线,2026-07-13 10:44:26,TO-252-2L(6R)
DIE_TO_WIRE_STAGING,Q26066506-4,N4-5,2ZPB73,焊线,2026-07-15 10:23:43,TO-247
DIE_TO_WIRE_STAGING,Q26061779-6,N6-4,2ZPB95,焊线,2026-07-13 15:47:58,TOLL-8L(6R)
DIE_TO_WIRE_STAGING,Q26071508-1-2,N6-3,2ZPB96,焊线,2026-07-14 18:51:38,TO-252-2L(8R)
DIE_TO_WIRE_STAGING,Q26071530-2,N3-1,2ZPB63,焊线,2026-07-13 15:10:59,TO-264-3L
DIE_TO_WIRE_STAGING,Q26061778-5,N6-4,2ZPB95,焊线,2026-07-14 16:38:21,TOLL-8L(6R)
DIE_TO_WIRE_STAGING,Q26079333-1,N5-4,2ZPB77,焊线,2026-07-15 06:58:25,TO-247Plus-4L
DIE_TO_WIRE_STAGING,Q26071529-1,N3-1,2ZPB63,焊线,2026-07-13 07:51:12,TO-264-3L
DIE_TO_WIRE_STAGING,Q26072780-2,N9-4,2ZPB102,焊线,2026-07-16 10:17:05,TO-263-7L(2R)
DIE_TO_WIRE_STAGING,Q26079334-1,N5-4,2ZPB77,焊线,2026-07-15 07:10:35,TO-247Plus-4L
DIE_TO_WIRE_STAGING,Q26079338-1,N5-4,2ZPB77,焊线,2026-07-15 07:22:57,TO-247Plus-4L
DIE_TO_WIRE_STAGING,Q26079308-1,N5-4,2ZPB77,焊线,2026-07-15 22:11:03,TO-247Plus-4L
DIE_TO_WIRE_STAGING,Q26079315-1,N5-4,2ZPB77,焊线,2026-07-15 22:52:14,TO-247Plus-4L
DIE_TO_WIRE_STAGING,Q26079318-1,N5-4,2ZPB77,焊线,2026-07-16 06:23:55,TO-247Plus-4L
DIE_TO_WIRE_STAGING,Q26079314-1,N5-4,2ZPB77,焊线,2026-07-16 07:40:05,TO-247Plus-4L
DIE_TO_WIRE_STAGING,Q26066505-23,N4-6,2ZPB74,焊线,2026-07-15 05:06:58,TO-247
DIE_TO_WIRE_STAGING,Q26068670-8,N4-4,2ZPB72,焊线,2026-07-15 11:53:01,TO-247
DIE_TO_WIRE_STAGING,Q26079340-1,N5-4,2ZPB77,焊线,2026-07-15 07:47:55,TO-247Plus-4L
DIE_TO_WIRE_STAGING,Q26079341-1,N5-4,2ZPB77,焊线,2026-07-15 08:00:29,TO-247Plus-4L
DIE_TO_WIRE_STAGING,Q26079342-1,N5-4,2ZPB77,焊线,2026-07-15 08:15:21,TO-247Plus-4L
DIE_TO_WIRE_STAGING,Q26079327-1,N5-4,2ZPB77,焊线,2026-07-15 10:10:52,TO-247Plus-4L
DIE_TO_WIRE_STAGING,Q26079337-1,N5-4,2ZPB77,焊线,2026-07-15 10:57:56,TO-247Plus-4L
DIE_TO_WIRE_STAGING,Q26079312-1,N5-4,2ZPB77,焊线,2026-07-16 06:48:42,TO-247Plus-4L
DIE_TO_WIRE_STAGING,Q26079317-1,N5-4,2ZPB77,焊线,2026-07-16 07:12:10,TO-247Plus-4L
DIE_TO_WIRE_STAGING,Q26079311-1,N5-4,2ZPB77,焊线,2026-07-16 08:14:38,TO-247Plus-4L
DIE_TO_WIRE_STAGING,Q26079316-1,N5-4,2ZPB77,焊线,2026-07-16 12:30:00,TO-247Plus-4L
DIE_TO_WIRE_STAGING,Q26073022-1-2,N1-9,2ZPB10,焊线,2026-07-14 07:54:27,TO-252-2L(6R)
DIE_TO_WIRE_STAGING,Q26071148-5,N9-3,2ZPB105,焊线,2026-07-16 12:48:12,TO-263-7L(2R)
DIE_TO_WIRE_STAGING,Q26072980-5,N8-9,2ZPB52,焊线,2026-07-14 11:38:45,TO-220F-C
DIE_TO_WIRE_STAGING,Q26072296-3,N9-1,2ZPB76,焊线,2026-07-14 02:58:05,TO-247-4L
DIE_TO_WIRE_STAGING,Q26072431-1,N3-5,2ZPB94,焊线,2026-07-13 13:12:24,TOLL-11L(6R)
DIE_TO_WIRE_STAGING,Q26068731-2,N4-5,2ZPB73,焊线,2026-07-16 01:33:14,TO-247
DIE_TO_WIRE_STAGING,Q26068731-4,N4-5,2ZPB73,焊线,2026-07-16 03:55:30,TO-247
DIE_TO_WIRE_STAGING,Q26068731-5,N4-5,2ZPB73,焊线,2026-07-16 05:46:07,TO-247
DIE_TO_WIRE_STAGING,Q26068731-9,N4-5,2ZPB73,焊线,2026-07-16 12:33:07,TO-247
DIE_TO_WIRE_STAGING,Q26068271-1,N4-2,2ZPB70,焊线,2026-07-14 16:32:09,TO-247
DIE_TO_WIRE_STAGING,Q26066880-19,N4-5,2ZPB73,焊线,2026-07-14 17:41:41,TO-247
DIE_TO_WIRE_STAGING,Q26072298-3,N9-1,2ZPB76,焊线,2026-07-14 10:39:41,TO-247-4L
DIE_TO_WIRE_STAGING,Q26066505-24,N4-6,2ZPB74,焊线,2026-07-15 06:07:06,TO-247
DIE_TO_WIRE_STAGING,Q26066506-3,N4-5,2ZPB73,焊线,2026-07-15 09:13:56,TO-247
DIE_TO_WIRE_STAGING,Q26066880-14,N4-5,2ZPB73,焊线,2026-07-14 07:53:24,TO-247
DIE_TO_WIRE_STAGING,Q26066880-17,N4-5,2ZPB73,焊线,2026-07-14 13:25:17,TO-247
DIE_TO_WIRE_STAGING,Q26066880-18,N4-5,2ZPB73,焊线,2026-07-14 14:48:54,TO-247
DIE_TO_WIRE_STAGING,Q26066505-8,N4-6,2ZPB74,焊线,2026-07-14 08:23:38,TO-247
DIE_TO_WIRE_STAGING,Q26073022-2-1,N1-9,2ZPB10,焊线,2026-07-14 14:25:47,TO-252-2L(6R)
DIE_TO_WIRE_STAGING,Q26068722-3,N5-5,2ZPB75,焊线,2026-07-16 04:27:53,TO-247
DIE_TO_WIRE_STAGING,Q26068722-4,N5-5,2ZPB75,焊线,2026-07-16 06:08:31,TO-247
DIE_TO_WIRE_STAGING,Q26070034-3,N1-4,2ZPB21,焊线,2026-07-16 01:19:10,TO-252-2L(6R)
DIE_TO_WIRE_STAGING,Q26066505-7,N4-6,2ZPB74,焊线,2026-07-14 07:19:07,TO-247
DIE_TO_WIRE_STAGING,Q26066506-5,N4-5,2ZPB73,焊线,2026-07-15 12:51:10,TO-247
DIE_TO_WIRE_STAGING,Q26066880-6,N4-5,2ZPB73,焊线,2026-07-13 19:21:03,TO-247
DIE_TO_WIRE_STAGING,Q26066880-15,N4-5,2ZPB73,焊线,2026-07-14 09:31:24,TO-247
DIE_TO_WIRE_STAGING,Q26066880-16,N4-5,2ZPB73,焊线,2026-07-14 10:45:20,TO-247
DIE_TO_WIRE_STAGING,Q26067853-2,N6-6,2ZPB60,焊线,2026-07-16 12:54:47,TO-252-2L(6R)
DIE_TO_WIRE_STAGING,Q26066504-13,N4-6,2ZPB74,焊线,2026-07-13 16:07:25,TO-247
DIE_TO_WIRE_STAGING,Q26066505-9,N4-6,2ZPB74,焊线,2026-07-14 10:08:48,TO-247
DIE_TO_WIRE_STAGING,Q26066505-10,N4-6,2ZPB74,焊线,2026-07-14 11:57:20,TO-247
DIE_TO_WIRE_STAGING,Q26066505-11,N4-6,2ZPB74,焊线,2026-07-14 13:11:30,TO-247
DIE_TO_WIRE_STAGING,Q26066505-12,N4-6,2ZPB74,焊线,2026-07-14 14:28:00,TO-247
DIE_TO_WIRE_STAGING,Q26066505-13,N4-6,2ZPB74,焊线,2026-07-14 16:10:29,TO-247
DIE_TO_WIRE_STAGING,Q26068570-9,N9-5,2ZPB103,焊线,2026-07-16 02:56:34,TO-247-2L-A
DIE_TO_WIRE_STAGING,Q26068570-16,N9-5,2ZPB103,焊线,2026-07-16 13:00:22,TO-247-2L-A
DIE_TO_WIRE_STAGING,Q26066793-4,N3-3,2ZPB92,焊线,2026-07-16 12:52:37,TOLL-8L(6R)
DIE_TO_WIRE_STAGING,Q26068570-11,N9-5,2ZPB103,焊线,2026-07-16 05:24:17,TO-247-2L-A
DIE_TO_WIRE_STAGING,Q26068570-15,N9-5,2ZPB103,焊线,2026-07-16 10:43:49,TO-247-2L-A
DIE_TO_WIRE_STAGING,Q26071332-5,N8-7,2ZPB32,焊线,2026-07-16 13:09:07,TO-220-3L
DIE_TO_WIRE_STAGING,Q26071408-3,N5-1,2ZPB82,焊线,2026-07-14 18:22:49,TO-220-3L-C(T0.5mm)
DIE_TO_WIRE_STAGING,Q26067029-4,N5-6,2ZPB85,焊线,2026-07-15 21:30:50,TO-220-3L-C(T0.5mm)
DIE_TO_WIRE_STAGING,Q26073022-3-1,N1-9,2ZPB10,焊线,2026-07-15 04:24:32,TO-252-2L(6R)
DIE_TO_WIRE_STAGING,Q26068723-7,N5-5,2ZPB75,焊线,2026-07-15 05:26:00,TO-247
DIE_TO_WIRE_STAGING,Q26068271-5,N4-2,2ZPB70,焊线,2026-07-14 22:41:04,TO-247
DIE_TO_WIRE_STAGING,Q26079335-1,N5-4,2ZPB77,焊线,2026-07-14 23:54:42,TO-247Plus-4L
DIE_TO_WIRE_STAGING,Q26079328-1,N5-4,2ZPB77,焊线,2026-07-15 05:48:51,TO-247Plus-4L
DIE_TO_WIRE_STAGING,Q26068676-1,N4-6,2ZPB74,焊线,2026-07-15 09:18:46,TO-247
DIE_TO_OVEN,Q26068152-42,C1-03,3ZPS65,装片烘烤,2026-07-16 11:37:33,SOP8(150mil)(12R)
DIE_TO_OVEN,Q26068648-2,C7-07,3ZPS67,装片烘烤,2026-07-16 12:47:34,SOP8/PP(150mil)(12R)
DIE_TO_OVEN,Q26063837-9,C1-02,3ZPS39,装片烘烤,2026-07-16 13:02:01,DFNWB2*2-06L-AG(P0.65T0.75)(1 block)
DIE_TO_OVEN,Q26067894-7,C2-07,3ZPS127,装片烘烤,2026-07-16 13:02:21,SOP8/PP(150mil)(12R)
DIE_TO_OVEN,Q26068082-6,C5-07,3ZPS91,装片烘烤,2026-07-16 12:26:47,SOP8/PP(150mil)(12R)
DIE_TO_OVEN,Q26067719-8,C5-02,3ZPS14,装片烘烤,2026-07-16 10:15:48,SOP8(150mil)(12R)
DIE_TO_OVEN,Q26064755-5,C5-05,3ZPS269,装片烘烤,2026-07-16 13:07:53,SOP14(9R)
DIE_TO_OVEN,Q26066749-19,C2-06,3ZPS126,装片烘烤,2026-07-16 12:47:43,DFNWB2.5*1-10L-SB(P0.50T0.50)
DIE_TO_OVEN,Q26072568-7,C6-01,3ZPS83,装片烘烤,2026-07-16 10:49:07,DFNWB1*1-4L-N(P0.65T0.37)
DIE_TO_OVEN,Q26066584-15,C6-12,3ZPS128,装片烘烤,2026-07-16 12:10:22,DFNWB3*3-10L-B(P0.50T0.75)(1 block)
DIE_TO_OVEN,Q26056395-27,C2-01,3ZPS115,装片烘烤,2026-07-16 13:12:02,DFNWB3*3-10L-B(P0.50T0.75)(1 block)
DIE_TO_OVEN,Q26052298-24,D2-02,3ZPS177,装片烘烤,2026-07-16 13:12:11,SOP14(9R)
DIE_TO_OVEN,Q26067463-1,C3-11,3ZPS101,装片烘烤,2026-07-16 09:52:49,SOP7(150mil)(12R)
DIE_TO_OVEN,Q26065335-3-2,D3-03,3ZPS188,装片烘烤,2026-07-16 12:52:33,SOP14(9R)
DIE_TO_OVEN,Q26066461-19,D3-04,3ZPS168,装片烘烤,2026-07-16 08:16:44,SOP16(307mil)(5R)
DIE_TO_OVEN,Q26072185-32,C7-09,3ZPS150,装片烘烤,2026-07-16 12:13:49,QFNWB1.7*2-12L-C(P0.40T0.50)
DIE_TO_OVEN,Q26071554-10,N13-10,3ZPS09,装片烘烤,2026-07-16 12:52:22,TO-252-2L(8R)
DIE_TO_OVEN,Q26066056-2,D5-08,3ZPS179,装片烘烤,2026-07-16 11:04:16,SOP8/PP(150mil)(12R)
DIE_TO_OVEN,Q26072273-21,N12-3,3ZPS85,装片烘烤,2026-07-16 10:45:53,TO-247-2L-A
DIE_TO_OVEN,Q26066460-1,D3-04,3ZPS168,装片烘烤,2026-07-16 12:11:49,SOP16(307mil)(5R)
DIE_TO_OVEN,Q26068213-6,C5-08,3ZPS50,装片烘烤,2026-07-16 12:15:23,DFNWB3*3-08L(P0.65T0.75)(1 block)
DIE_TO_OVEN,Q26065311-13,D6-03,3ZPS166,装片烘烤,2026-07-16 13:14:02,HTSSOP32/PP(240mil)(8R)
DIE_TO_OVEN,Q26071553-11,N12-8,3ZPS125,装片烘烤,2026-07-16 12:53:24,TO-252-2L(8R)
DIE_TO_OVEN,Q26071626-4,C4-09,3ZPS70,装片烘烤,2026-07-16 10:50:52,SOP8/PP(150mil)(12R)
DIE_TO_OVEN,Q26068664-6,D8-04,3ZPS238,装片烘烤,2026-07-16 13:01:45,DFNWB1.4*1-8L-NA(P0.35T0.37)
DIE_TO_OVEN,Q26067148-11,D2-01,3ZPS169,装片烘烤,2026-07-16 13:01:46,TSSOP14(173mil)(10R)
DIE_TO_OVEN,Q26072626-7,C1-05,3ZPS130,装片烘烤,2026-07-16 13:11:39,DFNWB2*2-06L-AB(P0.65T0.75)(1 block)
DIE_TO_OVEN,Q26072273-22,N12-3,3ZPS85,装片烘烤,2026-07-16 13:11:43,TO-247-2L-A
DIE_TO_OVEN,Q26068608-3,C6-02,3ZPS22,装片烘烤,2026-07-16 09:13:52,TSSOP16
DIE_TO_OVEN,Q26079M06-1,C8-04,3ZPS01,装片烘烤,2026-07-14 16:54:14,SOP8/PP(150mil)(12R)
DIE_TO_OVEN,Q26068246-2,C1-11,3ZPS175,装片烘烤,2026-07-16 13:00:41,SSOP10(150mil)(8R)
DIE_TO_OVEN,Q26067741-18,C1-09,3ZPS63,装片烘烤,2026-07-16 12:17:17,SOP8/PP(150mil)(12R)
DIE_TO_OVEN,Q26065311-12,D6-03,3ZPS166,装片烘烤,2026-07-16 12:17:40,HTSSOP32/PP(240mil)(8R)
DIE_TO_OVEN,Q26047600-4,C7-04,3ZPS339,装片烘烤,2026-07-16 10:49:03,DFNWB1*1-4L-J(P0.65T0.37)
DIE_TO_OVEN,Q26072144-3,C4-12,3ZPS98,装片烘烤,2026-07-16 09:14:44,SSOP10
DIE_TO_OVEN,Q26072326-12,D4-07,3ZPS216,装片烘烤,2026-07-16 12:36:35,SOP14(9R)
DIE_TO_OVEN,Q26071805-2,N11-3,3ZPS89,装片烘烤,2026-07-16 10:57:35,TO-263-5L
DIE_TO_OVEN,Q26053029-1,C7-01,3ZPS96,装片烘烤,2026-07-16 07:59:21,TSSOP24/PP(173mil)(10R)
DIE_TO_OVEN,Q26068104-4,C6-08,3ZPS95,装片烘烤,2026-07-16 12:57:52,SOP8/PP(150mil)(12R)
DIE_TO_OVEN,Q26071805-1,N11-3,3ZPS89,装片烘烤,2026-07-16 06:57:11,TO-263-5L
DIE_TO_OVEN,Q26068538-68,C7-16,3ZPS201,装片烘烤,2026-07-16 09:20:12,DFNWB3*3-10L(P0.50T0.75)(1 block)
DIE_TO_OVEN,Q26067894-6,C2-07,3ZPS127,装片烘烤,2026-07-16 10:10:47,SOP8/PP(150mil)(12R)
DIE_TO_OVEN,Q26071476-6,C5-11,3ZPS17,装片烘烤,2026-07-16 12:58:27,SOP8(8R)
DIE_TO_OVEN,Q26072238-20,C6-13,3ZPS137,装片烘烤,2026-07-16 13:11:38,DFNWB2*3-6L-SA(P0.50T0.75)(1 block)
DIE_TO_OVEN,Q26056111-11,C2-18,3ZPS66,装片烘烤,2026-07-16 10:55:05,MSOP8(8R)
DIE_TO_OVEN,Q26068094-2,C5-15,3ZPS113,装片烘烤,2026-07-16 13:09:14,SOP8/PP(150mil)(12R)
DIE_TO_OVEN,Q26067884-14,D8-02,3ZPS236,装片烘烤,2026-07-16 12:44:41,CSOP10(300mil)(5R)
DIE_TO_OVEN,Q26068648-1,C7-07,3ZPS67,装片烘烤,2026-07-16 07:40:43,SOP8/PP(150mil)(12R)
DIE_TO_OVEN,Q26065273-1,C2-13,3ZPS109,装片烘烤,2026-07-16 07:55:30,DFNWB2.5*2.5-10L-NA(P0.50T0.55)(1 block)
DIE_TO_OVEN,Q26071510-4,D4-06,3ZPS215,装片烘烤,2026-07-16 13:13:25,DFNWB1.2*1.6-04L-A(P0.60T0.55)
DIE_TO_OVEN,Q26071973-10,N10-6,3ZPS187,装片烘烤,2026-07-16 10:14:21,TO-252-2L(8R)
DIE_TO_OVEN,Q26064434-16,D3-02,3ZPS190,装片烘烤,2026-07-16 09:30:35,DFNWB1.5*1.5-08L-F(P0.40T0.45)
DIE_TO_OVEN,Q26066744-16,C1-04,3ZPS40,装片烘烤,2026-07-16 12:55:10,DFNWB2*2-10L(P0.40T0.75)(1 block)
DIE_TO_OVEN,Q26067695-6,C2-12,3ZPS122,装片烘烤,2026-07-16 12:55:32,DFNWB2.5*1-10L-H(P0.50T0.50)
DIE_TO_OVEN,Q26061334-9,D5-06,3ZPS183,装片烘烤,2026-07-16 10:28:59,TSSOP28/PP(173mil)(10R)
DIE_TO_OVEN,Q26072603-9,C3-13,3ZPS08,装片烘烤,2026-07-16 10:22:58,SSOP28(209mil)(7R)
DIE_TO_OVEN,Q26071378-5,D8-03,3ZPS237,装片烘烤,2026-07-16 10:31:10,DFNWB2*2-06L-AG(P0.65T0.75)(1 block)
DIE_TO_OVEN,Q26068239-4,C4-13,3ZPS15,装片烘烤,2026-07-16 11:25:00,SSOP10(150mil)(8R)
DIE_TO_OVEN,Q26066098-6,C7-14,3ZPS132,装片烘烤,2026-07-16 12:37:31,SSOP16(150mil)(8R)
DIE_TO_OVEN,Q26072178-18,C3-01,3ZPS112,装片烘烤,2026-07-16 13:20:56,TSSOP8(8R)
DIE_TO_OVEN,Q26065304-18,C1-08,3ZPS140,装片烘烤,2026-07-16 13:20:23,DFNWB3*3-10L-B(P0.50T0.75)(1 block)
DIE_TO_OVEN,Q26064791-1,C1-07,3ZPS139,装片烘烤,2026-07-16 13:16:35,DFNWB3*2-14L-C(P0.40T0.75)(1 block)
DIE_TO_OVEN,Q26071252-5,D7-06,3ZPS232,装片烘烤,2026-07-16 11:47:41,SOP8(150mil)(12R)
DIE_TO_OVEN,Q26067657-3,C6-09,3ZPS92,装片烘烤,2026-07-16 12:49:49,TSOT-23-8L
DIE_TO_OVEN,Q26066744-17,C1-04,3ZPS40,装片烘烤,2026-07-16 13:05:41,DFNWB2*2-10L(P0.40T0.75)(1 block)
DIE_TO_OVEN,Q26047601-1,C3-07,3ZPS120,装片烘烤,2026-07-16 13:17:40,DFNWB1*1-4L-J(P0.65T0.37)
DIE_TO_OVEN,Q26057326-5,D8-07,3ZPS241,装片烘烤,2026-07-16 13:06:30,QFNWB3*3-16L(P0.50T0.75)(1 block)
DIE_TO_OVEN,Q26066744-18,C1-04,3ZPS40,装片烘烤,2026-07-16 13:17:49,DFNWB2*2-10L(P0.40T0.75)(1 block)
DIE_TO_OVEN,Q26047600-5,C7-04,3ZPS339,装片烘烤,2026-07-16 12:50:25,DFNWB1*1-4L-J(P0.65T0.37)
DIE_TO_OVEN,Q26061900-30,C5-12,3ZPS151,装片烘烤,2026-07-16 13:15:04,TSSOP14(173mil)(10R)
DIE_TO_OVEN,Q26072468-8,C1-12,3ZPS133,装片烘烤,2026-07-16 13:16:35,SOP8(150mil)(12R)
DIE_TO_OVEN,Q26068291-11,C3-10,3ZPS78,装片烘烤,2026-07-16 13:06:37,QFNWB4*4-23L(P0.50T0.75)(1 block)
DIE_TO_OVEN,Q26066915-5,C1-10,3ZPS174,装片烘烤,2026-07-16 13:07:19,SOP8(150mil)(12R)
DIE_TO_OVEN,Q26068056-12,C5-10,3ZPS143,装片烘烤,2026-07-16 13:13:21,SOP8/PP(150mil)(12R)
DIE_TO_OVEN,Q26072477-16,C3-09,3ZPS80,装片烘烤,2026-07-16 13:19:15,SOP8(8R)
DIE_TO_OVEN,Q26068152-41,C1-03,3ZPS65,装片烘烤,2026-07-16 10:12:17,SOP8(150mil)(12R)
DIE_TO_OVEN,Q26055337-23,C7-13,3ZPS86,装片烘烤,2026-07-16 10:22:09,TSSOP28
DIE_TO_OVEN,Q26052298-23,D2-02,3ZPS177,装片烘烤,2026-07-16 11:30:16,SOP14(9R)
DIE_TO_OVEN,Q26073642-5,N13-8,3ZPS16,装片烘烤,2026-07-16 10:29:13,PDFNWB3.3×3.3-8L(P0.65T0.75)
DIE_TO_OVEN,Q26067030-27,D4-03,3ZPS211,装片烘烤,2026-07-16 11:57:50,SOP8/PP(150mil)(12R)
DIE_TO_OVEN,Q26056111-12,C2-18,3ZPS66,装片烘烤,2026-07-16 11:46:00,MSOP8(8R)
DIE_TO_OVEN,Q26061334-10,D5-06,3ZPS183,装片烘烤,2026-07-16 11:46:18,TSSOP28/PP(173mil)(10R)
DIE_TO_OVEN,Q26066098-5,C7-14,3ZPS132,装片烘烤,2026-07-16 11:58:23,SSOP16(150mil)(8R)
DIE_TO_OVEN,Q26063602-10,C4-18,3ZPS05,装片烘烤,2026-07-16 11:59:18,SOP16(150mil)(12R)
DIE_TO_OVEN,Q26067998-1,D1-05,3ZPS154,装片烘烤,2026-07-16 10:08:14,DFNWB2*4-06L-NA(P0.50T0.75)(1 block)
DIE_TO_OVEN,Q26042162-7,C2-14,3ZPS111,装片烘烤,2026-07-16 10:10:17,TSSOP16(173mil)(10R)
DIE_TO_OVEN,Q26072468-7,C1-12,3ZPS133,装片烘烤,2026-07-16 10:11:24,SOP8(150mil)(12R)
DIE_TO_OVEN,Q26042963-15,D2-06,3ZPS172,装片烘烤,2026-07-16 12:35:01,MSOP8(118mil)(14R)
DIE_TO_OVEN,Q26072003-8,C2-17,3ZPS64,装片烘烤,2026-07-16 12:49:28,SOP8(150mil)(12R)
DIE_TO_OVEN,Q26047461-5,C7-05,3ZPS11,装片烘烤,2026-07-16 12:39:50,SOP20(4R)
DIE_TO_OVEN,Q26072603-10,C3-13,3ZPS08,装片烘烤,2026-07-16 12:40:01,SSOP28(209mil)(7R)
DIE_TO_OVEN,Q26062993-7,D1-02,3ZPS157,装片烘烤,2026-07-16 12:29:33,DFNWB3*3-08L-F(P0.65T0.75)(1 block)
DIE_TO_OVEN,Q26068253-3,C6-10,3ZPS13,装片烘烤,2026-07-16 12:46:33,SOP8(150mil)(12R)
DIE_TO_OVEN,Q26064619-7,D2-07,3ZPS165,装片烘烤,2026-07-16 12:49:57,SOP8(150mil)(12R)
DIE_TO_OVEN,Q26067619-8,C2-16,3ZPS114,装片烘烤,2026-07-16 12:56:51,SOP28(300mil)(5R)
DIE_TO_OVEN,Q26071378-6,D8-03,3ZPS237,装片烘烤,2026-07-16 12:58:57,DFNWB2*2-06L-AG(P0.65T0.75)(1 block)
DIE_TO_OVEN,Q26062228-15,C7-12,3ZPS35,装片烘烤,2026-07-16 12:40:40,SOP8(150mil)(12R)
DIE_TO_OVEN,Q26053029-2,C7-01,3ZPS96,装片烘烤,2026-07-16 13:09:48,TSSOP24/PP(173mil)(10R)
DIE_TO_OVEN,Q26068152-43,C1-03,3ZPS65,装片烘烤,2026-07-16 12:46:35,SOP8(150mil)(12R)
DIE_TO_OVEN,Q26067694-1-4,D5-02,3ZPS220,装片烘烤,2026-07-16 13:10:12,DFNWB3*3-8L-E(P0.65T0.75)(1 block)
DIE_TO_OVEN,Q26056111-13,C2-18,3ZPS66,装片烘烤,2026-07-16 13:10:20,MSOP8(8R)
DIE_TO_OVEN,Q26068796-12,D1-03,3ZPS156,装片烘烤,2026-07-16 12:27:42,QFNWB3.5*3.5-20L-E(P0.50T0.75)(1 block)
DIE_TO_OVEN,Q26072616-9,N10-4,2ZPB91,装片烘烤,2026-07-16 12:41:15,PDFNWB3.3×3.3-8L(P0.65T0.75)
DIE_TO_OVEN,Q26071555-9,N13-4,3ZPS79,装片烘烤,2026-07-16 12:59:50,TO-252-2L(8R)
DIE_TO_OVEN,Q26068608-4,C6-02,3ZPS22,装片烘烤,2026-07-16 12:59:58,TSSOP16
DIE_TO_OVEN,Q26072328-6,D7-01,3ZPS227,装片烘烤,2026-07-16 13:03:59,SOP16(150mil)(12R)
DIE_TO_OVEN,Q26072362-6,D2-05,3ZPS171,装片烘烤,2026-07-16 12:38:02,DFNWB3*2-12L-NB(P0.50T0.75)(1 block)
DIE_TO_OVEN,Q26068664-5,D8-04,3ZPS238,装片烘烤,2026-07-16 09:37:12,DFNWB1.4*1-8L-NA(P0.35T0.37)
DIE_TO_OVEN,Q26072144-4,C4-12,3ZPS98,装片烘烤,2026-07-16 12:44:55,SSOP10
DIE_TO_OVEN,Q26079M04-1,C8-04,3ZPS01,装片烘烤,2026-07-14 13:17:59,SOP8(150mil)(12R)
DIE_TO_OVEN,Q26063201-5-1,C5-14,3ZPS25,装片烘烤,2026-07-16 11:43:29,SOP8(300mil)(5R)
DIE_TO_OVEN,Q26055337-24,C7-13,3ZPS86,装片烘烤,2026-07-16 11:49:35,TSSOP28
DIE_TO_OVEN,Q26072328-5,D7-01,3ZPS227,装片烘烤,2026-07-16 11:50:52,SOP16(150mil)(12R)
DIE_TO_OVEN,Q26079M07-1,C8-04,3ZPS01,装片烘烤,2026-07-14 14:05:03,SOP8(150mil)(12R)
DIE_TO_OVEN,Q26079M09-1,C8-04,3ZPS01,装片烘烤,2026-07-14 16:32:01,SOP8/PP(150mil)(12R)
DIE_TO_OVEN,Q26079M05-1,C8-03,3ZPS18,装片烘烤,2026-07-14 19:30:41,SOP8/PP(150mil)(12R)
DIE_TO_OVEN,Q26067700-1,C5-09,3ZPS94,装片烘烤,2026-07-16 12:01:43,FTSOT-23-6L
DIE_TO_OVEN,Q26079M08-1,C8-03,3ZPS18,装片烘烤,2026-07-15 00:28:46,SOP8/PP(150mil)(12R)
DIE_TO_OVEN,Q26068665-1,D6-07,3ZPS273,装片烘烤,2026-07-16 12:51:58,DFNWB2*2-8L-AK(P0.50T0.75)(1 block)
DIE_TO_OVEN,Q26068641-3,D1-07,3ZPS270,装片烘烤,2026-07-16 11:59:34,SOP8(150mil)(12R)
DIE_TO_OVEN,Q26073642-6,N13-8,3ZPS16,装片烘烤,2026-07-16 13:10:23,PDFNWB3.3×3.3-8L(P0.65T0.75)
DIE_TO_OVEN,Q26061143-18,D7-03,3ZPS229,装片烘烤,2026-07-16 13:09:14,TSSOP28/PP(173mil)(10R)
DIE_TO_OVEN,Q26068665-2,D6-07,3ZPS273,装片烘烤,2026-07-16 13:06:12,DFNWB2*2-8L-AK(P0.50T0.75)(1 block)
DIE_TO_OVEN,Q26068104-3,C6-08,3ZPS95,装片烘烤,2026-07-16 08:18:01,SOP8/PP(150mil)(12R)
DIE_TO_OVEN,Q26047975-18,C7-10,3ZPS102,装片烘烤,2026-07-16 12:34:58,SOP8(150mil)(12R)
WIRE_TO_GATE,Q26071306-14,Q03-16,3QHS4050,焊线关卡,2026-07-16 05:24:33,DFNWB1.4*1-8L-C(P0.35T0.37)
WIRE_TO_GATE,Q26067062-5,D04-02,3QHS3066,焊线关卡,2026-07-16 01:47:28,SOP8/PP(150mil)(12R)
WIRE_TO_GATE,Q26066107-1,Q19-06,3QHS387,焊线关卡,2026-07-16 12:09:29,SOP8(150mil)(12R)
WIRE_TO_GATE,Q26067582-8,Q24-08,3QHS3954,焊线关卡,2026-07-15 23:47:05,SSOP24(150mil)
WIRE_TO_GATE,Q26071865-8,Q05-20,3QHS3094,焊线关卡,2026-07-16 06:32:01,QFNWB1.7*2-12L-C(P0.40T0.50)
WIRE_TO_GATE,Q26071900-3,N1-5,3QHS6013,焊线关卡,2026-07-15 05:24:18,PDFNWB5×6-8L(P1.27T0.95)
WIRE_TO_GATE,Q26068570-13,N13-4,2QHB64,焊线关卡,2026-07-16 13:12:10,TO-247-2L-A
WIRE_TO_GATE,Q26071163-1,Q04-15,3QHS4054,焊线关卡,2026-07-16 13:08:52,QFNWB1.7*2-12L-C(P0.40T0.50)
WIRE_TO_GATE,Q26071511-10,Q15-08,3QHS3075,焊线关卡,2026-07-16 07:19:37,DFNWB1.2*1.6-04L-A(P0.60T0.55)
WIRE_TO_GATE,Q26071385-6,Q24-02,3QHS2692,焊线关卡,2026-07-16 05:24:48,SOP8/PP(150mil)(12R)
WIRE_TO_GATE,Q26071306-17,Q04-12,3QHS4051,焊线关卡,2026-07-16 09:09:49,DFNWB1.4*1-8L-C(P0.35T0.37)
WIRE_TO_GATE,Q26072765-2,D01-13,3QHS3828,焊线关卡,2026-07-16 11:12:03,SOP14(9R)
WIRE_TO_GATE,Q26067696-11,D17-05,3QHS4016,焊线关卡,2026-07-16 12:50:50,DFNWB2.5*1-10L-H(P0.50T0.50)
WIRE_TO_GATE,Q26067551-24,Q23-13,3QHS3792,焊线关卡,2026-07-16 08:22:00,QFNWB1.4*1.8-10L-B(P0.40T0.55)
WIRE_TO_GATE,Q26071900-2,N1-5,3QHS6013,焊线关卡,2026-07-14 23:59:14,PDFNWB5×6-8L(P1.27T0.95)
WIRE_TO_GATE,Q26071008-16,D04-12,3QHS1772,焊线关卡,2026-07-16 11:04:54,DFNWB2*2-06L-I(P0.65T0.75)
WIRE_TO_GATE,Q26066503-15,N18-6,2QHB79,焊线关卡,2026-07-16 12:51:49,TO-247
WIRE_TO_GATE,Q26066156-1,Q23-01,3QHS3915,焊线关卡,2026-07-16 05:25:59,SOP8/PP(150mil)(12R)
WIRE_TO_GATE,Q26068230-9,C14-08,3QHS4181,焊线关卡,2026-07-16 06:25:42,SOP8/PP(150mil)(12R)
WIRE_TO_GATE,Q26071403-1,N26-7,2QHB50,焊线关卡,2026-07-16 12:53:02,TO-220-3L-C(T0.5mm)
WIRE_TO_GATE,Q26068284-2,N1-3,2QHE54,焊线关卡,2026-07-16 12:18:27,PDFN5×6-8L(12R)
WIRE_TO_GATE,Q26067583-2,C17-07,3QHS4221,焊线关卡,2026-07-16 05:32:57,SOP16(150mil)(12R)
WIRE_TO_GATE,Q26071638-5,D01-15,3QHS3834,焊线关卡,2026-07-16 02:01:36,SOP8/PP(150mil)(12R)
WIRE_TO_GATE,Q26061163-62,C13-06,3QHS4163,焊线关卡,2026-07-16 06:19:04,SOP16(300mil)(5R)
WIRE_TO_GATE,Q26068254-2,D03-16,3QHS2444,焊线关卡,2026-07-16 13:01:52,SOP8(150mil)(12R)
WIRE_TO_GATE,Q26068740-6,C17-09,3QHS4216,焊线关卡,2026-07-16 02:38:01,TSSOP20(173mil)(10R)
WIRE_TO_GATE,Q26038938-5,C14-12,3QHS4155,焊线关卡,2026-07-16 02:20:02,TSSOP20/PP(173mil)(10R)
WIRE_TO_GATE,Q26066734-7,D12-09,3QHS3747,焊线关卡,2026-07-16 06:22:16,SOP8(150mil)(12R)
WIRE_TO_GATE,Q26064703-3,C17-05,3QHS4219,焊线关卡,2026-07-16 02:34:50,SOP28(300mil)(5R)
WIRE_TO_GATE,Q26066757-4,D02-10,3QHS3825,焊线关卡,2026-07-16 11:21:27,SOP8/PP(150mil)(12R)
WIRE_TO_GATE,Q26066734-9,Q15-10,3QHS3095,焊线关卡,2026-07-16 13:01:17,SOP8(150mil)(12R)
WIRE_TO_GATE,Q26071433-13,C01-08,3QHS3820,焊线关卡,2026-07-16 03:37:23,TSSOP14
WIRE_TO_GATE,Q26071832-3,Q01-15,3QHS4037,焊线关卡,2026-07-16 04:00:58,DFNWB1.45*1-6L-G(P0.50T0.55)
WIRE_TO_GATE,Q26064703-10,Q17-14,3QHS4092,焊线关卡,2026-07-16 12:36:24,SOP28(300mil)(5R)
WIRE_TO_GATE,Q26064117-24,D22-2,3QHS4320,焊线关卡,2026-07-16 12:17:15,MSOP8(118mil)(14R)
WIRE_TO_GATE,Q26061163-33,C13-06,3QHS4163,焊线关卡,2026-07-16 01:58:28,SOP16(300mil)(5R)
WIRE_TO_GATE,Q26068097-3,C12-02,3QHS4142,焊线关卡,2026-07-16 01:43:58,SOP8/PP(150mil)(12R)
WIRE_TO_GATE,Q26066449-7,D11-12,3QHS3987,焊线关卡,2026-07-16 10:54:50,SOP8(150mil)(12R)
WIRE_TO_GATE,Q26068230-12,C15-04,3QHS4236,焊线关卡,2026-07-16 12:22:57,SOP8/PP(150mil)(12R)
WIRE_TO_GATE,Q26066986-27,Q01-13,3QHS4035,焊线关卡,2026-07-16 11:24:05,MISWB1.8*2.6-16L(P0.4T0.55)
WIRE_TO_GATE,Q26067551-21,Q03-20,3QHS367,焊线关卡,2026-07-16 04:02:19,QFNWB1.4*1.8-10L-B(P0.40T0.55)
WIRE_TO_GATE,Q26071556-10,N1-16,3QHS6010,焊线关卡,2026-07-16 12:57:02,TO-252-2L(8R)
WIRE_TO_GATE,Q26071008-14,D04-12,3QHS1772,焊线关卡,2026-07-16 06:07:22,DFNWB2*2-06L-I(P0.65T0.75)
WIRE_TO_GATE,Q26066749-3,Q04-11,3QHS3875,焊线关卡,2026-07-16 05:55:18,DFNWB2.5*1-10L-SB(P0.50T0.50)
WIRE_TO_GATE,Q26064703-11,C17-05,3QHS4219,焊线关卡,2026-07-16 06:43:07,SOP28(300mil)(5R)
WIRE_TO_GATE,Q26071980-4,Q15-09,3QHS758,焊线关卡,2026-07-16 12:58:38,SOP8(150mil)(12R)
WIRE_TO_GATE,Q26066986-24,Q04-19,3QHS3071,焊线关卡,2026-07-16 06:42:20,MISWB1.8*2.6-16L(P0.4T0.55)
WIRE_TO_GATE,Q26067497-28,Q20-02,3QHS383,焊线关卡,2026-07-16 08:05:35,SOP24
WIRE_TO_GATE,Q26072770-1,D01-14,3QHS3827,焊线关卡,2026-07-16 06:59:58,SOP14(9R)
WIRE_TO_GATE,Q26066749-2,Q10-07,3QHS24,焊线关卡,2026-07-16 04:06:11,DFNWB2.5*1-10L-SB(P0.50T0.50)
WIRE_TO_GATE,Q26067597-5,Q23-05,3QHS2006,焊线关卡,2026-07-16 09:59:18,SOP8/PP(150mil)(12R)
WIRE_TO_GATE,Q26068740-5,C14-05,3QHS4178,焊线关卡,2026-07-16 01:29:40,TSSOP20(173mil)(10R)
WIRE_TO_GATE,Q26071865-9,Q05-15,3QHS4062,焊线关卡,2026-07-16 09:26:55,QFNWB1.7*2-12L-C(P0.40T0.50)
WIRE_TO_GATE,Q26067932-1,Q24-09,3QHS3919,焊线关卡,2026-07-16 09:28:00,MSOP8/PP
WIRE_TO_GATE,Q26066154-2,C01-02,3QHS3821,焊线关卡,2026-07-16 06:43:26,SOP8/PP(150mil)(12R)
WIRE_TO_GATE,Q26061899-29,C12-10,3QHS4152,焊线关卡,2026-07-16 07:57:26,TSSOP14(173mil)(10R)
WIRE_TO_GATE,Q26065912-20,C04-10,3QHS4264,焊线关卡,2026-07-16 07:48:36,SOP16(150mil)(12R)
WIRE_TO_GATE,Q26048125-2,C04-09,3QHS4265,焊线关卡,2026-07-16 13:12:37,MSOP8(118mil)(14R)
WIRE_TO_GATE,Q26064703-17,C17-08,3QHS4217,焊线关卡,2026-07-16 09:02:06,SOP28(300mil)(5R)
WIRE_TO_GATE,Q26071858-1,N1-5,3QHS6013,焊线关卡,2026-07-16 12:12:21,PDFNWB5×6-8L(P1.27T0.95)
WIRE_TO_GATE,Q26072185-3,Q04-17,3QHS4056,焊线关卡,2026-07-16 05:30:14,QFNWB1.7*2-12L-C(P0.40T0.50)
WIRE_TO_GATE,Q26062228-10,D03-07,3QHS3842,焊线关卡,2026-07-16 11:35:10,SOP8(150mil)(12R)
WIRE_TO_GATE,Q26071555-4,N1-13,2QHE61,焊线关卡,2026-07-16 13:13:46,TO-252-2L(8R)
WIRE_TO_GATE,Q26071973-2,N1-15,2QHE62,焊线关卡,2026-07-16 12:25:37,TO-252-2L(8R)
WIRE_TO_GATE,Q26071910-3,Q23-10,3QHS713,焊线关卡,2026-07-16 09:29:16,TSOT-23-6L
WIRE_TO_GATE,Q26071638-6,D01-09,3QHS3201,焊线关卡,2026-07-16 11:30:31,SOP8/PP(150mil)(12R)
WIRE_TO_GATE,Q26064562-9,D13-07,3QHS4001,焊线关卡,2026-07-16 00:15:09,SSOP16(150mil)(8R)
WIRE_TO_GATE,Q26067792-33,Q16-11,3QHS356,焊线关卡,2026-07-16 12:56:07,SOP14(9R)
WIRE_TO_GATE,Q26062228-9,D04-11,3QHS3831,焊线关卡,2026-07-16 10:22:15,SOP8(150mil)(12R)
WIRE_TO_GATE,Q26066757-3,D03-03,3QHS3854,焊线关卡,2026-07-16 10:46:52,SOP8/PP(150mil)(12R)
WIRE_TO_GATE,Q26071385-12,D03-09,3QHS3839,焊线关卡,2026-07-16 10:39:50,SOP8/PP(150mil)(12R)
WIRE_TO_GATE,Q26066490-4,N12-8,2QHB74,焊线关卡,2026-07-16 10:24:03,TO-247-2L-A
WIRE_TO_GATE,Q26057255-6,Q16-14,3QHS30,焊线关卡,2026-07-16 10:24:01,SOP8(150mil)(12R)
WIRE_TO_GATE,Q26068189-6,Q21-02,3QHS157,焊线关卡,2026-07-16 10:21:59,SOP8(150mil)(12R)
WIRE_TO_GATE,Q26066749-9,Q04-11,3QHS3875,焊线关卡,2026-07-16 12:33:25,DFNWB2.5*1-10L-SB(P0.50T0.50)
WIRE_TO_GATE,Q26051882-5,Q10-15,3QHS2100,焊线关卡,2026-07-16 13:14:29,DFNWB1.41*1.05-8L-NA(P0.35T0.37)
WIRE_TO_GATE,Q26067468-14,Q20-03,3QHS721,焊线关卡,2026-07-16 13:16:58,MISWB1.8*2.6-16L(P0.4T0.55)
WIRE_TO_GATE,Q26072609-7,N6-13,2QHE44,焊线关卡,2026-07-16 13:05:37,PDFNWB3.3×3.3-8L(P0.65T0.75)
WIRE_TO_GATE,Q26064759-12,Q15-13,3QHS320,焊线关卡,2026-07-16 13:05:46,TSSOP16
WIRE_TO_GATE,Q26066493-9,N12-8,2QHB74,焊线关卡,2026-07-16 13:07:57,TO-247-2L-A
WIRE_TO_GATE,Q26071832-5,D21-14,3QHS3786,焊线关卡,2026-07-16 13:14:58,DFNWB1.45*1-6L-G(P0.50T0.55)
WIRE_TO_GATE,Q26073354-6,X13-2,1QH117,焊线关卡,2026-07-16 13:15:01,TO-92
WIRE_TO_GATE,Q26067629-1,C08-02,3QHS4298,焊线关卡,2026-07-16 13:13:15,SOP8/PP(150mil)(12R)
WIRE_TO_GATE,Q26068740-16,C15-09,3QHS4242,焊线关卡,2026-07-16 11:55:39,TSSOP20(173mil)(10R)
WIRE_TO_GATE,Q26061777-7,N12-1,2QHB118,焊线关卡,2026-07-16 11:40:02,TOLL-8L(6R)
WIRE_TO_GATE,Q26065312-7,D14-03,3QHS3065,焊线关卡,2026-07-16 11:54:18,SOP8/PP(150mil)(12R)
WIRE_TO_GATE,Q26064309-5,C04-07,3QHS4198,焊线关卡,2026-07-16 11:34:24,SOP8(150mil)(12R)
WIRE_TO_GATE,Q26071306-16,D06-12,3QHS2588,焊线关卡,2026-07-16 10:06:29,DFNWB1.4*1-8L-C(P0.35T0.37)
WIRE_TO_GATE,Q26072463-3,N1-2,2QHE53,焊线关卡,2026-07-16 12:05:00,TOLL-11L(6R)
WIRE_TO_GATE,Q26057173-18,C13-11,3QHS4168,焊线关卡,2026-07-16 12:05:07,TSSOP16/PP(173mil)(10R)
WIRE_TO_GATE,Q26064703-8,Q18-03,3QHS4211,焊线关卡,2026-07-16 12:49:17,SOP28(300mil)(5R)
WIRE_TO_GATE,Q26064703-16,C17-05,3QHS4219,焊线关卡,2026-07-16 12:28:40,SOP28(300mil)(5R)
WIRE_TO_GATE,Q26067696-12,D19-02,3QHS4015,焊线关卡,2026-07-16 12:59:02,DFNWB2.5*1-10L-H(P0.50T0.50)
WIRE_TO_GATE,Q26068501-1,C02-01,3QHS3998,焊线关卡,2026-07-16 12:27:00,SOP8(150mil)(12R)
WIRE_TO_GATE,Q26066736-12,D11-01,3QHS540,焊线关卡,2026-07-16 12:53:48,TSSOP14
WIRE_TO_GATE,Q26057173-23,C13-09,3QHS4166,焊线关卡,2026-07-16 13:10:08,TSSOP16/PP(173mil)(10R)
WIRE_TO_GATE,Q26067851-1,Q17-06,3QHS321,焊线关卡,2026-07-16 12:46:58,MSOP8/PP
WIRE_TO_GATE,Q26071556-9,N1-7,2QHE51,焊线关卡,2026-07-16 13:03:21,TO-252-2L(8R)
WIRE_TO_GATE,Q26064104-2,C06-08,3QHS3935,焊线关卡,2026-07-16 12:54:26,MSOP8(8R)
WIRE_TO_GATE,Q26067608-11,Q03-18,3QHS3120,焊线关卡,2026-07-16 11:49:35,QFNWB1.4*1.8-10L-B(P0.40T0.55)
WIRE_TO_GATE,Q26051834-16,C09-10,3QHS4101,焊线关卡,2026-07-16 13:21:06,SOP8(150mil)(12R)
WIRE_TO_GATE,Q26064759-14,D13-11,3QHS3091,焊线关卡,2026-07-16 11:51:22,TSSOP16
WIRE_TO_GATE,Q26065161-35,Q07-12,3QHS4076,焊线关卡,2026-07-16 02:00:39,DFNWB1.4*1-8L-C(P0.35T0.37)
WIRE_TO_GATE,Q26066154-5,C01-14,3QHS3833,焊线关卡,2026-07-16 05:12:39,SOP8/PP(150mil)(12R)
WIRE_TO_GATE,Q26067395-34,D18-03,3QHS510,焊线关卡,2026-07-16 12:52:32,DFNWB2.5*1-10L-H(P0.50T0.50)
WIRE_TO_GATE,Q26067072-3,Q24-06,3QHS16,焊线关卡,2026-07-16 06:04:16,SOP8(150mil)(12R)
WIRE_TO_GATE,Q26066749-6,Q07-10,3QHS3931,焊线关卡,2026-07-16 09:08:21,DFNWB2.5*1-10L-SB(P0.50T0.50)
WIRE_TO_GATE,Q26064703-6,C17-08,3QHS4217,焊线关卡,2026-07-16 03:36:28,SOP28(300mil)(5R)
WIRE_TO_GATE,Q26047408-1,C02-12,3QHS3975,焊线关卡,2026-07-16 03:11:58,SOP20(4R)
WIRE_TO_GATE,Q26056456-8,C16-10,3QHS4271,焊线关卡,2026-07-16 08:46:02,MSOP8(118mil)(14R)
WIRE_TO_OPTICAL,Q26071499-2,N19-5,2QHB57,三光检验,2026-07-13 22:19:34,TO-263-7L(2R)
WIRE_TO_OPTICAL,Q26068723-1,N16-5,2QHB100,三光检验,2026-07-16 05:16:41,TO-247
WIRE_TO_OPTICAL,Q26057551-4,C02-02,3QHS3976,三光检验,2026-07-15 02:41:10,MSOP8(8R)
WIRE_TO_OPTICAL,Q26055656-1,C10-05,3QHS4120,三光检验,2026-07-04 00:32:45,SOP8/PP(150mil)(12R)
WIRE_TO_OPTICAL,Q26066240-7,C03-05,3QHS4186,三光检验,2026-07-15 22:00:37,TSSOP28/PP(173mil)(10R)
WIRE_TO_OPTICAL,Q26067196-2,N15-7,2QHB55,三光检验,2026-07-07 11:33:47,TO-263-7L(2R)
WIRE_TO_OPTICAL,Q26068727-2,N16-3,2QHB102,三光检验,2026-07-15 22:41:29,TO-247
WIRE_TO_OPTICAL,Q26064485-19,C01-11,3QHS3924,三光检验,2026-07-12 08:55:45,SSOP14/PP(150mil)(8R)
WIRE_TO_OPTICAL,Q26068672-7,N16-3,2QHB102,三光检验,2026-07-16 06:56:17,TO-247
WIRE_TO_OPTICAL,Q26068728-7,N16-5,2QHB100,三光检验,2026-07-15 23:12:19,TO-247
WIRE_TO_OPTICAL,Q26057545-4,D15-10,3QHS4030,三光检验,2026-07-15 13:09:44,MSOP8(8R)
WIRE_TO_OPTICAL,Q26066240-8,C10-02,3QHS4106,三光检验,2026-07-15 06:34:19,TSSOP28/PP(173mil)(10R)
WIRE_TO_OPTICAL,Q26066509-2,C03-13,3QHS4290,三光检验,2026-07-15 10:07:44,SOP16(307mil)(5R)
WIRE_TO_OPTICAL,Q26065336-4-2,C16-13,3QHS4274,三光检验,2026-07-15 23:51:35,SOP14(9R)
WIRE_TO_OPTICAL,Q26064484-6,C01-07,3QHS3836,三光检验,2026-07-07 17:48:07,SSOP16/PP(150mil)(8R)(P0.5)
WIRE_TO_OPTICAL,Q26057550-2,D09-08,3QHS3766,三光检验,2026-07-15 17:57:43,MSOP8(8R)
WIRE_TO_OPTICAL,Q26057201-2,C10-05,3QHS4120,三光检验,2026-07-04 05:50:49,SOP8/PP(150mil)(12R)
WIRE_TO_OPTICAL,Q26066509-1,C03-13,3QHS4290,三光检验,2026-07-15 00:15:57,SOP16(307mil)(5R)
WIRE_TO_OPTICAL,Q26057552-2,D15-10,3QHS4030,三光检验,2026-07-16 00:42:20,MSOP8(8R)
WIRE_TO_OPTICAL,Q26072015-3,N15-7,2QHB55,三光检验,2026-07-16 02:34:31,TO-263-7L(2R)
WIRE_TO_OPTICAL,Q26057202-6,C17-05,3QHS4219,三光检验,2026-07-07 15:55:21,SOP8/PP(150mil)(12R)
WIRE_TO_OPTICAL,Q26079260-1,S01-01,3QHS4231,三光检验,2026-07-16 01:28:33,TSSOP14/PP(173mil)(10R)
WIRE_TO_OPTICAL,Q26060061-41,C10-09,3QHS4125,三光检验,2026-07-15 09:04:52,HTSSOP32/PP(240mil)(8R)
WIRE_TO_OPTICAL,Q26057202-11,C17-05,3QHS4219,三光检验,2026-07-08 05:27:15,SOP8/PP(150mil)(12R)
WIRE_TO_OPTICAL,Q26068723-2,N16-5,2QHB100,三光检验,2026-07-16 06:21:06,TO-247
WIRE_TO_OPTICAL,Q26066240-3,C03-14,3QHS4262,三光检验,2026-07-15 09:39:38,TSSOP28/PP(173mil)(10R)
WIRE_TO_OPTICAL,Q26064619-1,C17-12,3QHS4208,三光检验,2026-07-14 03:17:27,SOP8(150mil)(12R)
WIRE_TO_OPTICAL,Q26071149-7,N15-7,2QHB55,三光检验,2026-07-15 01:45:14,TO-263-7L(2R)
WIRE_TO_OPTICAL,Q26057550-1,Q16-05,3QHS312,三光检验,2026-07-15 09:43:08,MSOP8(8R)
WIRE_TO_OPTICAL,Q26052870-3-7,C07-12,3QHS4294,三光检验,2026-07-15 10:38:38,SOP16(300mil)(5R)
WIRE_TO_OPTICAL,Q26064485-5,C01-10,3QHS3921,三光检验,2026-07-09 04:23:29,SSOP14/PP(150mil)(8R)
WIRE_TO_OPTICAL,Q26055661-7,C17-04,3QHS4228,三光检验,2026-07-16 03:13:25,SOP8(150mil)(12R)
WIRE_TO_OPTICAL,Q26066705-1,C15-16,3QHS4244,三光检验,2026-07-16 03:54:29,SOP16(150mil)(12R)
WIRE_TO_OPTICAL,Q26057551-5,D11-16,3QHS4000,三光检验,2026-07-16 06:29:53,MSOP8(8R)
WIRE_TO_OPTICAL,Q26066509-5,C14-11,3QHS4129,三光检验,2026-07-15 19:03:58,SOP16(307mil)(5R)
WIRE_TO_OPTICAL,Q26060061-46,C15-12,3QHS4246,三光检验,2026-07-15 21:54:00,HTSSOP32/PP(240mil)(8R)
WIRE_TO_OPTICAL,Q26060061-47,C10-09,3QHS4125,三光检验,2026-07-16 03:50:29,HTSSOP32/PP(240mil)(8R)
WIRE_TO_OPTICAL,Q26057202-4,C10-05,3QHS4120,三光检验,2026-07-04 17:25:00,SOP8/PP(150mil)(12R)
WIRE_TO_OPTICAL,Q26066509-4,C03-13,3QHS4290,三光检验,2026-07-15 18:04:00,SOP16(307mil)(5R)
WIRE_TO_OPTICAL,Q26064484-13,C01-02,3QHS3821,三光检验,2026-07-10 11:50:23,SSOP16/PP(150mil)(8R)(P0.5)
WIRE_TO_OPTICAL,Q26057202-15,C17-05,3QHS4219,三光检验,2026-07-08 16:03:05,SOP8/PP(150mil)(12R)
WIRE_TO_OPTICAL,Q26068729-1,N16-3,2QHB102,三光检验,2026-07-16 06:15:16,TO-247
WIRE_TO_OPTICAL,Q26072015-2,N15-7,2QHB55,三光检验,2026-07-16 06:48:51,TO-263-7L(2R)
WIRE_TO_OPTICAL,Q26065148-2,C14-06,3QHS4179,三光检验,2026-07-09 19:14:57,SOP14(9R)
WIRE_TO_OPTICAL,Q26068701-1,N12-9,2QHB109,三光检验,2026-07-16 07:36:15,TO-263-7L(2R)
WIRE_TO_OPTICAL,Q26068725-6,N16-3,2QHB102,三光检验,2026-07-16 07:39:49,TO-247
WIRE_TO_OPTICAL,Q26064485-20,C01-10,3QHS3921,三光检验,2026-07-13 00:37:44,SSOP14/PP(150mil)(8R)
WIRE_TO_OPTICAL,Q26068734-1,N16-3,2QHB102,三光检验,2026-07-16 08:24:32,TO-247
WIRE_TO_OPTICAL,Q26066042-2,C01-03,3QHS3843,三光检验,2026-07-15 20:06:44,SSOP16/PP(150mil)(8R)(P0.5)
WIRE_TO_OPTICAL,Q26057550-3,Q21-03,3QHS32,三光检验,2026-07-15 11:39:27,MSOP8(8R)
WIRE_TO_OPTICAL,Q26068723-8,N16-3,2QHB102,三光检验,2026-07-16 09:46:36,TO-247
WIRE_TO_OPTICAL,Q26063419-7,C03-14,3QHS4262,三光检验,2026-07-14 10:25:58,TSSOP28/PP(173mil)(10R)
WIRE_TO_OPTICAL,Q26066240-5,C03-02,3QHS4272,三光检验,2026-07-16 00:28:01,TSSOP28/PP(173mil)(10R)
WIRE_TO_OPTICAL,Q26060061-32,C15-12,3QHS4246,三光检验,2026-07-14 12:55:56,HTSSOP32/PP(240mil)(8R)
WIRE_TO_OPTICAL,Q26055656-2,C10-05,3QHS4120,三光检验,2026-07-06 18:40:40,SOP8/PP(150mil)(12R)
WIRE_TO_OPTICAL,Q26063419-11,C11-01,3QHS4130,三光检验,2026-07-15 01:58:25,TSSOP28/PP(173mil)(10R)
WIRE_TO_OPTICAL,Q26064484-21,C01-07,3QHS3836,三光检验,2026-07-12 13:40:07,SSOP16/PP(150mil)(8R)(P0.5)
WIRE_TO_OPTICAL,Q26052870-3-4,C07-12,3QHS4294,三光检验,2026-07-14 14:47:21,SOP16(300mil)(5R)
WIRE_TO_OPTICAL,Q26055655-1,C10-05,3QHS4120,三光检验,2026-07-05 15:33:48,SOP8/PP(150mil)(12R)
WIRE_TO_OPTICAL,Q26057201-1,C10-05,3QHS4120,三光检验,2026-07-05 04:41:55,SOP8/PP(150mil)(12R)
WIRE_TO_OPTICAL,Q26066240-1,C11-11,3QHS4133,三光检验,2026-07-15 20:48:32,TSSOP28/PP(173mil)(10R)
WIRE_TO_OPTICAL,Q26055655-2,C17-05,3QHS4219,三光检验,2026-07-06 02:29:07,SOP8/PP(150mil)(12R)
WIRE_TO_OPTICAL,Q26067449-13,C04-08,3QHS4189,三光检验,2026-07-13 06:37:36,TSSOP28/PP(173mil)(10R)
WIRE_TO_OPTICAL,Q26060061-44,C11-07,3QHS4137,三光检验,2026-07-16 03:07:45,HTSSOP32/PP(240mil)(8R)
WIRE_TO_OPTICAL,Q26065336-2-2,C16-13,3QHS4274,三光检验,2026-07-14 23:41:59,SOP14(9R)
WIRE_TO_OPTICAL,Q26064484-12,C01-02,3QHS3821,三光检验,2026-07-08 19:51:47,SSOP16/PP(150mil)(8R)(P0.5)
WIRE_TO_OPTICAL,Q26066509-11,C03-13,3QHS4290,三光检验,2026-07-16 00:49:22,SOP16(307mil)(5R)
WIRE_TO_OPTICAL,Q26066042-1,C01-03,3QHS3843,三光检验,2026-07-14 18:06:59,SSOP16/PP(150mil)(8R)(P0.5)
WIRE_TO_OPTICAL,Q26064619-2,C17-12,3QHS4208,三光检验,2026-07-15 00:44:24,SOP8(150mil)(12R)
WIRE_TO_OPTICAL,Q26060061-35,C10-09,3QHS4125,三光检验,2026-07-14 21:43:11,HTSSOP32/PP(240mil)(8R)
WIRE_TO_OPTICAL,Q26065776-7,C11-04,3QHS4134,三光检验,2026-07-15 01:04:11,MSOP8(8R)
WIRE_TO_OPTICAL,Q26057202-2,C10-05,3QHS4120,三光检验,2026-07-07 06:23:33,SOP8/PP(150mil)(12R)
WIRE_TO_OPTICAL,Q26067196-3,N15-7,2QHB55,三光检验,2026-07-07 07:59:01,TO-263-7L(2R)
WIRE_TO_OPTICAL,Q26066240-2,C03-04,3QHS4197,三光检验,2026-07-15 09:19:28,TSSOP28/PP(173mil)(10R)
STAGING_TO_WIRE,Q26071623-1,D07-01,3QHS3815,焊线,2026-07-16 13:04:46,TSSOP8(8R)
STAGING_TO_WIRE,Q26069C70-1,S01-04,3QHS3926,焊线,2026-07-16 09:02:46,QFNWB5*5-20L-D(P0.65T0.75)(1 block)
STAGING_TO_WIRE,Q26072185-8,Q16-12,3QHS735,焊线,2026-07-16 05:07:35,QFNWB1.7*2-12L-C(P0.40T0.50)
STAGING_TO_WIRE,Q26061163-60,C08-13,3QHS4309,焊线,2026-07-14 05:00:13,SOP16(300mil)(5R)
STAGING_TO_WIRE,Q26072766-1,D01-14,3QHS3827,焊线,2026-07-16 11:15:13,SOP14(9R)
STAGING_TO_WIRE,Q26059D67-1,Q17-09,3QHS4248,焊线,2026-07-15 12:16:07,TSSOP14(173mil)(10R)
STAGING_TO_WIRE,Q26067593-4,D08-05,3QHS3985,焊线,2026-07-16 09:08:23,MSOP8(8R)
STAGING_TO_WIRE,Q26061716-4,Q21-04,3QHS564,焊线,2026-07-16 13:17:16,SOP12(150mil)(12R)
STAGING_TO_WIRE,Q26072185-10,D06-06,3QHS2146,焊线,2026-07-16 09:41:17,QFNWB1.7*2-12L-C(P0.40T0.50)
STAGING_TO_WIRE,Q26067593-7,D03-14,3QHS2225,焊线,2026-07-16 12:03:44,MSOP8(8R)
STAGING_TO_WIRE,Q26067696-18,D20-11,3QHS3738,焊线,2026-07-16 13:10:23,DFNWB2.5*1-10L-H(P0.50T0.50)
STAGING_TO_WIRE,Q26064470-9,C01-16,3QHS3823,焊线,2026-07-16 12:04:36,DFNWB3*3-12L(P0.45T0.75)(1 block)
STAGING_TO_WIRE,Q26056111-1,D13-07,3QHS4001,焊线,2026-07-16 12:42:05,MSOP8(8R)
STAGING_TO_WIRE,Q26068189-12,Q13-13,3QHS3028,焊线,2026-07-16 07:17:54,SOP8(150mil)(12R)
STAGING_TO_WIRE,Q26072178-8,D14-10,3QHS767,焊线,2026-07-16 12:37:13,TSSOP8(8R)
STAGING_TO_WIRE,Q26064703-21,C17-08,3QHS4217,焊线,2026-07-16 13:35:26,SOP28(300mil)(5R)
STAGING_TO_WIRE,Q26069647-1,S01-01,3QHS4231,焊线,2026-07-16 08:53:06,TSSOP16(173mil)(10R)
STAGING_TO_WIRE,Q26068151-45,D05-14,3QHS3799,焊线,2026-07-16 13:35:55,SOP8(150mil)(12R)
STAGING_TO_WIRE,Q26068740-20,C07-10,3QHS4296,焊线,2026-07-16 09:36:49,TSSOP20(173mil)(10R)
STAGING_TO_WIRE,Q26068056-5,D16-13,3QHS4045,焊线,2026-07-16 13:20:21,SOP8/PP(150mil)(12R)
STAGING_TO_WIRE,Q26066136-2,Q15-04,3QHS260,焊线,2026-07-16 07:18:04,SOP8/PP(150mil)(12R)
STAGING_TO_WIRE,Q26062789-8,D05-04,3QHS3314,焊线,2026-07-16 12:03:57,SOP8(8R)
STAGING_TO_WIRE,Q26056456-13,C16-03,3QHS4259,焊线,2026-07-16 11:50:03,MSOP8(118mil)(14R)
STAGING_TO_WIRE,Q26068538-47,Q04-20,3QHS734,焊线,2026-07-16 11:34:10,DFNWB3*3-10L(P0.50T0.75)(1 block)
STAGING_TO_WIRE,Q26064792-25,Q11-18,3QHS330,焊线,2026-07-16 11:22:55,DFNWB3*2-14L-C(P0.40T0.75)(1 block)
STAGING_TO_WIRE,Q26068740-21,C07-11,3QHS4295,焊线,2026-07-16 12:41:51,TSSOP20(173mil)(10R)
STAGING_TO_WIRE,Q26068168-1,N14-2,2QHB112,焊线,2026-07-16 10:33:51,PDFN5×6-8L(12R)
STAGING_TO_WIRE,Q26064434-3,D21-11,3QHS2149,焊线,2026-07-15 19:51:53,DFNWB1.5*1.5-08L-F(P0.40T0.45)
STAGING_TO_WIRE,Q26068152-12,D04-05,3QHS705,焊线,2026-07-16 13:10:16,SOP8(150mil)(12R)
STAGING_TO_WIRE,Q26071310-23,D08-10,3QHS3770,焊线,2026-07-16 13:08:47,SOP14(9R)
STAGING_TO_WIRE,Q26071471-2,Q17-01,3QHS583,焊线,2026-07-16 12:38:21,SOP8(150mil)(12R)
STAGING_TO_WIRE,Q26068230-15,C11-12,3QHS4191,焊线,2026-07-16 06:12:47,SOP8/PP(150mil)(12R)
STAGING_TO_WIRE,Q26072107-1,N23-7,2QHB48,焊线,2026-07-16 12:10:58,TO-251
STAGING_TO_WIRE,Q26068096-1,D22-15,3QHS4333,焊线,2026-07-16 09:07:37,SOP8/PP(150mil)(12R)
STAGING_TO_WIRE,Q26068538-43,Q23-07,3QHS3010,焊线,2026-07-16 10:04:30,DFNWB3*3-10L(P0.50T0.75)(1 block)
STAGING_TO_WIRE,Q26064470-6,Q01-05,3QHS3964,焊线,2026-07-16 10:05:03,DFNWB3*3-12L(P0.45T0.75)(1 block)
STAGING_TO_WIRE,Q26064470-8,Q08-05,3QHS3936,焊线,2026-07-16 10:40:44,DFNWB3*3-12L(P0.45T0.75)(1 block)
STAGING_TO_WIRE,Q26067332-6,Q14-02,3QHS333,焊线,2026-07-16 09:06:05,SOP8(150mil)(12R)
STAGING_TO_WIRE,Q26067589-2,C12-12,3QHS4114,焊线,2026-07-16 08:04:21,SOP8/PP(150mil)(12R)
STAGING_TO_WIRE,Q26064470-12,Q01-10,3QHS3966,焊线,2026-07-16 12:40:41,DFNWB3*3-12L(P0.45T0.75)(1 block)
STAGING_TO_WIRE,Q26056409-13,Q01-03,3QHS3961,焊线,2026-07-16 11:02:08,DFNWB2*2-8L-W(P0.50T0.75)(1 block)
STAGING_TO_WIRE,Q26068706-11-2,Q10-01,3QHS2691,焊线,2026-07-16 13:35:44,DFNWB2*2-8L-AK(P0.50T0.75)(1 block)
STAGING_TO_WIRE,Q26068706-11-3,Q01-04,3QHS3963,焊线,2026-07-16 10:17:41,DFNWB2*2-8L-AK(P0.50T0.75)(1 block)
STAGING_TO_WIRE,Q26066126-5,C13-15,3QHS4164,焊线,2026-07-16 05:42:23,SOP8/PP(150mil)(12R)
STAGING_TO_WIRE,Q26068002-1,D05-01,3QHS3767,焊线,2026-07-16 13:11:22,DFNWB2*4-06L-NA(P0.50T0.75)(1 block)
STAGING_TO_WIRE,Q26068089-4,Q13-04,3QHS213,焊线,2026-07-16 06:41:01,SOP8/PP(150mil)(12R)
STAGING_TO_WIRE,Q26067551-35,Q22-09,3QHS3023,焊线,2026-07-16 11:22:04,QFNWB1.4*1.8-10L-B(P0.40T0.55)
STAGING_TO_WIRE,Q26072117-1,N22-6,2QHB22,焊线,2026-07-16 04:26:43,TO-252-2L(6R)
STAGING_TO_WIRE,Q26067583-11,Q18-02,3QHS4253,焊线,2026-07-16 10:47:19,SOP16(150mil)(12R)
STAGING_TO_WIRE,Q26071310-18,D10-12,3QHS587,焊线,2026-07-16 12:40:05,SOP14(9R)
STAGING_TO_WIRE,Q26067608-19,D12-13,3QHS4003,焊线,2026-07-16 11:50:39,QFNWB1.4*1.8-10L-B(P0.40T0.55)
STAGING_TO_WIRE,Q26065837-2,Q04-14,3QHS4053,焊线,2026-07-16 11:21:35,QFNWB1.4*1.8-10L-B(P0.40T0.55)
STAGING_TO_WIRE,Q26051834-30,C04-15,3QHS4195,焊线,2026-07-16 12:52:52,SOP8(150mil)(12R)
STAGING_TO_WIRE,Q26068282-1,N17-3,2QHB69,焊线,2026-07-16 10:15:26,PDFN5×6-8L(12R)
STAGING_TO_WIRE,Q26061794-1,D16-02,3QHS2155,焊线,2026-07-16 11:20:28,TSSOP16
STAGING_TO_WIRE,Q26065777-11,C17-01,3QHS4207,焊线,2026-07-16 11:54:55,DFNWB3*3-8L-NF(P0.65T0.85)(1 block)(wettable)
STAGING_TO_WIRE,Q26066918-1,D19-08,3QHS532,焊线,2026-07-16 10:03:56,SOP8(150mil)(12R)
STAGING_TO_WIRE,Q26061163-45,C12-11,3QHS4154,焊线,2026-07-16 00:38:34,SOP16(300mil)(5R)
STAGING_TO_WIRE,Q26066894-15,Q05-19,3QHS3123,焊线,2026-07-16 13:00:46,DFNWB3*2-14L-C(P0.40T0.75)(1 block)
STAGING_TO_WIRE,Q26064792-24,Q04-16,3QHS4055,焊线,2026-07-16 08:44:12,DFNWB3*2-14L-C(P0.40T0.75)(1 block)
STAGING_TO_WIRE,Q26068151-50,D06-05,3QHS3063,焊线,2026-07-16 12:07:26,SOP8(150mil)(12R)
STAGING_TO_WIRE,Q26066894-13,Q03-17,3QHS3076,焊线,2026-07-16 12:41:10,DFNWB3*2-14L-C(P0.40T0.75)(1 block)
STAGING_TO_WIRE,Q26072965-4,D13-06,3QHS4006,焊线,2026-07-16 06:13:08,SSOP10
STAGING_TO_WIRE,Q26071385-21,D01-08,3QHS3209,焊线,2026-07-16 11:22:21,SOP8/PP(150mil)(12R)
STAGING_TO_WIRE,Q26068740-18,C07-11,3QHS4295,焊线,2026-07-16 12:54:24,TSSOP20(173mil)(10R)
STAGING_TO_WIRE,Q26065226-43,Q06-05,3QHS3896,焊线,2026-07-16 12:40:16,DFNWB2*2-08L-L(P0.50T0.55)(1 block)
STAGING_TO_WIRE,Q26068418-13,Q07-20,3QHS4213,焊线,2026-07-16 10:14:04,DFNWB3*3-10L-B(P0.50T0.75)(1 block)
STAGING_TO_WIRE,Q26071310-20,D10-02,3QHS3978,焊线,2026-07-16 10:41:04,SOP14(9R)
STAGING_TO_WIRE,Q26067754-10,Q12-11,3QHS3070,焊线,2026-07-16 12:39:59,DFNWB2*2-06L-AB(P0.65T0.75)(1 block)
STAGING_TO_WIRE,Q26067497-44,D14-02,3QHS733,焊线,2026-07-16 13:35:08,SOP24
STAGING_TO_WIRE,Q26054529-12,Q08-11,3QHS4082,焊线,2026-07-16 12:42:24,DFNWB8*8-16L-NA(P1.3P0.7T0.85)(1 block)
STAGING_TO_WIRE,Q26068151-39,D09-04,3QHS3106,焊线,2026-07-16 13:10:54,SOP8(150mil)(12R)
STAGING_TO_WIRE,Q26062664-9,Q18-15,3QHS4112,焊线,2026-07-16 12:19:39,QFNWB3*3-12L-NA(P0.50T0.75)(1 block)
STAGING_TO_WIRE,Q26065431-2,D11-06,3QHS693,焊线,2026-07-16 10:39:24,TSSOP14
STAGING_TO_WIRE,Q26056456-17,C05-08,3QHS4318,焊线,2026-07-16 12:40:20,MSOP8(118mil)(14R)
STAGING_TO_WIRE,Q26073329-1,N7-11,2QHE46,焊线,2026-07-16 13:23:16,TO-251
STAGING_TO_WIRE,Q26067593-11,Q22-01,3QHS692,焊线,2026-07-16 12:51:42,MSOP8(8R)
STAGING_TO_WIRE,Q26061900-6,C12-09,3QHS4151,焊线,2026-07-16 12:04:23,TSSOP14(173mil)(10R)
STAGING_TO_WIRE,Q26061900-7,D22-14,3QHS4332,焊线,2026-07-16 12:39:29,TSSOP14(173mil)(10R)
STAGING_TO_WIRE,Q26071637-4,C01-05,3QHS3844,焊线,2026-07-16 10:40:28,SOP8/PP(150mil)(12R)
STAGING_TO_WIRE,Q26072238-3,Q19-15,3QHS588,焊线,2026-07-16 11:33:46,DFNWB2*3-6L-SA(P0.50T0.75)(1 block)
STAGING_TO_WIRE,Q26073324-1,N20-6,2QHB52,焊线,2026-07-16 11:23:29,PDFNWB5×6-8L(P1.27T0.95)
STAGING_TO_WIRE,Q26064104-11,D05-09,3QHS717,焊线,2026-07-16 10:10:16,MSOP8(8R)
STAGING_TO_WIRE,Q26071510-2,Q15-08,3QHS3075,焊线,2026-07-16 12:52:13,DFNWB1.2*1.6-04L-A(P0.60T0.55)
STAGING_TO_WIRE,Q26054315-13,D13-03,3QHS3135,焊线,2026-07-16 09:21:47,SOP14(9R)
STAGING_TO_WIRE,Q26072325-17,Q12-08,3QHS3806,焊线,2026-07-16 13:16:20,SOP14(9R)
STAGING_TO_WIRE,Q26071659-4,Q15-02,3QHS205,焊线,2026-07-16 09:24:12,SSOP10
STAGING_TO_WIRE,Q26068190-3,Q12-09,3QHS527,焊线,2026-07-16 13:16:46,SOP8(150mil)(12R)
STAGING_TO_WIRE,Q26071874-4,Q09-08,3QHS703,焊线,2026-07-16 10:28:43,DFNWB1*1.4-4L(P0.5T0.37)
STAGING_TO_WIRE,Q26068711-8,D19-04,3QHS505,焊线,2026-07-16 06:21:42,DFNWB2*3-6L-SA(P0.50T0.75)(1 block)
STAGING_TO_WIRE,Q26054529-10,Q07-18,3QHS4215,焊线,2026-07-16 12:42:01,DFNWB8*8-16L-NA(P1.3P0.7T0.85)(1 block)
STAGING_TO_WIRE,Q26071554-8,N2-5,3QHS6004,焊线,2026-07-16 12:43:17,TO-252-2L(8R)
STAGING_TO_WIRE,Q26067471-13,C01-12,3QHS3922,焊线,2026-07-16 08:05:51,DFNWB2*2-06L-AB(P0.65T0.75)(1 block)
STAGING_TO_WIRE,Q26071882-8,D01-12,3QHS3826,焊线,2026-07-16 12:11:13,SOP8/PP(150mil)(12R)
STAGING_TO_WIRE,Q26071874-5,Q21-05,3QHS4060,焊线,2026-07-16 11:21:20,DFNWB1*1.4-4L(P0.5T0.37)
STAGING_TO_WIRE,Q26068097-4,Q18-06,3QHS4227,焊线,2026-07-16 10:04:16,SOP8/PP(150mil)(12R)
STAGING_TO_WIRE,Q26068097-7,C12-02,3QHS4142,焊线,2026-07-16 13:09:29,SOP8/PP(150mil)(12R)
STAGING_TO_WIRE,Q26067815-4,C07-15,3QHS4291,焊线,2026-07-16 11:51:33,SOP8(150mil)(12R)
STAGING_TO_WIRE,Q26067471-16,Q04-03,3QHS3882,焊线,2026-07-16 11:21:49,DFNWB2*2-06L-AB(P0.65T0.75)(1 block)
STAGING_TO_WIRE,Q26072104-1,N13-7,2QHB60,焊线,2026-07-16 10:46:21,TO-252-2L(6R)
STAGING_TO_WIRE,Q26071703-32,Q11-04,3QHS1750,焊线,2026-07-16 10:41:54,DFNWB2*2-06L-AA(P0.65T0.75)(1 block)
STAGING_TO_WIRE,Q26068715-16,D18-12,3QHS167,焊线,2026-07-16 04:46:42,DFNWB2*3-6L-SA(P0.50T0.75)(1 block)
STAGING_TO_WIRE,Q26066157-12,C05-07,3QHS4317,焊线,2026-07-16 13:11:08,DFNWB3*2-12L-NB(P0.50T0.75)(1 block)
STAGING_TO_WIRE,Q26064154-7,C13-12,3QHS4169,焊线,2026-07-16 09:39:18,SOP8(150mil)(12R)
STAGING_TO_WIRE,Q26071558-12,Q05-07,3QHS3864,焊线,2026-07-16 12:41:43,QFNWB4*4-32L-A(P0.40T0.75)(1 block)
STAGING_TO_WIRE,Q26065432-7,D11-01,3QHS540,焊线,2026-07-16 10:38:48,TSSOP14
STAGING_TO_WIRE,Q26068152-18,D07-13,3QHS156,焊线,2026-07-16 12:07:51,SOP8(150mil)(12R)
STAGING_TO_WIRE,Q26068538-52,D12-10,3QHS3078,焊线,2026-07-16 10:15:52,DFNWB3*3-10L(P0.50T0.75)(1 block)
STAGING_TO_WIRE,Q26072325-16,D07-03,3QHS3816,焊线,2026-07-16 12:04:09,SOP14(9R)
STAGING_TO_WIRE,Q26047408-5,C02-16,3QHS3315,焊线,2026-07-16 12:41:07,SOP20(4R)
STAGING_TO_WIRE,Q26071924-12,D08-02,3QHS3984,焊线,2026-07-16 12:42:51,QFNWB4*4-24L-NA(P0.50T0.75)(1 block)
STAGING_TO_WIRE,Q26061921-16,C10-10,3QHS4126,焊线,2026-07-16 11:50:34,DFNWB2.2*2.9-6L-NA(P0.50T0.55)(2 block)
STAGING_TO_WIRE,Q26072603-3,D04-07,3QHS3761,焊线,2026-07-16 13:13:28,SSOP28(209mil)(7R)
STAGING_TO_WIRE,Q26079H18-1,N4-12,3QHS6007,焊线,2026-07-10 16:16:08,TO-263-7L(2R)
STAGING_TO_WIRE,Q26062664-5,Q18-15,3QHS4112,焊线,2026-07-16 10:05:21,QFNWB3*3-12L-NA(P0.50T0.75)(1 block)
STAGING_TO_WIRE,Q26048125-3,D23-3,3QHS4337,焊线,2026-07-16 06:18:34,MSOP8(118mil)(14R)
STAGING_TO_WIRE,Q26066227-1,C02-11,3QHS3972,焊线,2026-07-16 13:24:46,SOP16(150mil)(12R)
STAGING_TO_WIRE,Q26066594-4,C02-05,3QHS3968,焊线,2026-07-16 11:49:35,SOP8(150mil)(12R)
STAGING_TO_WIRE,Q26066527-25,Q06-16,3QHS4073,焊线,2026-07-16 12:41:27,QFNWB3*3-16L(P0.50T0.75)(1 block)
STAGING_TO_WIRE,Q26071832-7,Q10-15,3QHS2100,焊线,2026-07-16 05:10:38,DFNWB1.45*1-6L-G(P0.50T0.55)
STAGING_TO_WIRE,Q26067471-17,Q04-07,3QHS3863,焊线,2026-07-16 13:00:31,DFNWB2*2-06L-AB(P0.65T0.75)(1 block)
STAGING_TO_WIRE,Q26068135-2,Q22-06,3QHS3050,焊线,2026-07-16 11:33:22,SOP8(150mil)(12R)
STAGING_TO_WIRE,Q26072144-2,D21-8,3QHS4342,焊线,2026-07-16 12:57:55,SSOP10
STAGING_TO_WIRE,Q26066672-3,D18-02,3QHS111,焊线,2026-07-16 08:54:49,SOP8(150mil)(12R)
STAGING_TO_WIRE,Q26071278-24,D02-04,3QHS3852,焊线,2026-07-16 10:52:52,DFNWB2*3-08L-P(P0.50T0.55)
STAGING_TO_WIRE,Q26055005-2,D09-05,3QHS529,焊线,2026-07-16 12:43:03,DFNWB2*2-06L-AB(P0.65T0.75)(1 block)
STAGING_TO_WIRE,Q26073335-17,N7-10,2QHE36,焊线,2026-07-16 13:24:55,TO-126
STAGING_TO_WIRE,Q26071163-5,Q01-16,3QHS4038,焊线,2026-07-16 10:17:22,QFNWB1.7*2-12L-C(P0.40T0.50)
STAGING_TO_WIRE,Q26061393-1,Q16-05,3QHS312,焊线,2026-07-16 12:58:55,MSOP8(8R)
STAGING_TO_WIRE,Q26052870-4-3,C16-12,3QHS4285,焊线,2026-07-16 13:35:41,SOP16(300mil)(5R)
STAGING_TO_WIRE,Q26066042-7,C14-10,3QHS4174,焊线,2026-07-16 13:14:58,SSOP16/PP(150mil)(8R)(P0.5)
STAGING_TO_WIRE,Q26055006-2,Q11-02,3QHS384,焊线,2026-07-16 13:02:00,DFNWB2*2-06L-AB(P0.65T0.75)(1 block)
STAGING_TO_WIRE,Q26042963-4,C04-12,3QHS4280,焊线,2026-07-16 13:09:16,MSOP8(118mil)(14R)
STAGING_TO_WIRE,Q26068082-3,Q21-07,3QHS4033,焊线,2026-07-16 12:37:33,SOP8/PP(150mil)(12R)
STAGING_TO_WIRE,Q26068228-1,Q21-13,3QHS1110,焊线,2026-07-16 11:32:21,MSOP8/PP
STAGING_TO_WIRE,Q26071458-2,C06-05,3QHS3203,焊线,2026-07-16 12:42:57,QFNWB3*3-20L-A(P0.4T0.75)(1 block)
STAGING_TO_WIRE,Q26072465-1,N2-2,2QHE69,焊线,2026-07-16 13:00:30,TOLL-11L(6R)
STAGING_TO_WIRE,Q26068740-19,C16-08,3QHS4266,焊线,2026-07-16 12:03:31,TSSOP20(173mil)(10R)
STAGING_TO_WIRE,Q26067696-36,D18-13,3QHS2013,焊线,2026-07-16 12:39:13,DFNWB2.5*1-10L-H(P0.50T0.50)
STAGING_TO_WIRE,Q26067719-7,C14-14,3QHS4180,焊线,2026-07-16 12:44:49,SOP8(150mil)(12R)
STAGING_TO_WIRE,Q26061392-5,Q21-03,3QHS32,焊线,2026-07-16 13:15:39,MSOP8(8R)
STAGING_TO_WIRE,Q26071623-13,D01-07,3QHS3204,焊线,2026-07-16 13:10:30,TSSOP8(8R)
STAGING_TO_WIRE,Q26056145-12,D05-12,3QHS3132,焊线,2026-07-16 10:43:53,SOP8/PP(150mil)(12R)
STAGING_TO_WIRE,Q26061157-11,C09-01,3QHS4089,焊线,2026-07-16 11:48:50,HTSSOP28/PP(173mil)(10R)
STAGING_TO_WIRE,Q26071537-25,Q22-10,3QHS3024,焊线,2026-07-16 07:29:16,TSSOP8(8R)
STAGING_TO_WIRE,Q26066987-13,Q07-03,3QHS3942,焊线,2026-07-16 10:06:06,DFNWB2*2-08L-L(P0.50T0.55)(1 block)
STAGING_TO_WIRE,Q26064708-2,C15-09,3QHS4242,焊线,2026-07-16 12:31:12,SSOP16/PP(150mil)(8R)(P0.5A)
STAGING_TO_WIRE,Q26066815-8,D04-13,3QHS1880,焊线,2026-07-16 09:50:37,DFNWB2*2-8L-W(P0.50T0.75)(1 block)
STAGING_TO_WIRE,Q26066749-14,Q12-05,3QHS3808,焊线,2026-07-16 12:40:54,DFNWB2.5*1-10L-SB(P0.50T0.50)
STAGING_TO_WIRE,Q26068215-4,D14-06,3QHS3058,焊线,2026-07-16 12:42:42,DFNWB3*3-08L(P0.65T0.75)(1 block)
STAGING_TO_WIRE,Q26072990-1,N2-12,3QHS6012,焊线,2026-07-16 10:37:16,PDFNWB3.3×3.3-8L(P0.65T0.75)
STAGING_TO_WIRE,Q26064010-9,C02-14,3QHS764,焊线,2026-07-16 12:05:17,QFNWB3.5*3.5-14L(P0.50T0.85)(1 block)(wettable)
STAGING_TO_WIRE,Q26068755-1,D05-06,3QHS3735,焊线,2026-07-16 13:09:04,SSOP20(209mil)
STAGING_TO_WIRE,Q26068144-2,Q17-12,3QHS4086,焊线,2026-07-16 13:14:19,SOP8(150mil)(12R)
STAGING_TO_WIRE,Q26072178-7,D06-09,3QHS3796,焊线,2026-07-16 05:42:59,TSSOP8(8R)
STAGING_TO_WIRE,Q26067395-39,D19-01,3QHS119,焊线,2026-07-16 13:34:35,DFNWB2.5*1-10L-H(P0.50T0.50)
STAGING_TO_WIRE,Q26072615-14,N3-15,3QHS6002,焊线,2026-07-16 10:39:59,PDFNWB3.3×3.3-8L(P0.65T0.75)
STAGING_TO_WIRE,Q26065226-50,C06-06,3QHS3202,焊线,2026-07-16 11:50:45,DFNWB2*2-08L-L(P0.50T0.55)(1 block)
STAGING_TO_WIRE,Q26067741-3,D05-02,3QHS2150,焊线,2026-07-16 09:39:58,SOP8/PP(150mil)(12R)
STAGING_TO_WIRE,Q26068145-11,Q17-15,3QHS4100,焊线,2026-07-16 13:16:32,SOP8(150mil)(12R)
STAGING_TO_WIRE,Q26068144-5,C10-13,3QHS4108,焊线,2026-07-16 06:33:18,SOP8(150mil)(12R)
STAGING_TO_WIRE,Q26067762-8,C13-10,3QHS4162,焊线,2026-07-16 08:04:02,SSOP10(150mil)(8R)
STAGING_TO_WIRE,Q26067765-1,C08-06,3QHS4302,焊线,2026-07-16 08:45:34,SSOP10(150mil)(8R)
STAGING_TO_WIRE,Q26065091-1,Q17-13,3QHS4096,焊线,2026-07-16 09:25:43,DFNWB2*2-8L-AK(P0.50T0.75)(1 block)
STAGING_TO_WIRE,Q26072626-1,Q24-10,3QHS22,焊线,2026-07-16 09:39:31,DFNWB2*2-06L-AB(P0.65T0.75)(1 block)
STAGING_TO_WIRE,Q26071026-3,D21-10,3QHS2101,焊线,2026-07-16 08:56:03,DFNWB2*2-06L-AB(P0.65T0.75)(1 block)
STAGING_TO_WIRE,Q26071354-15,N4-15,2QHE50,焊线,2026-07-16 12:48:41,TO-252-2L(4R)
STAGING_TO_WIRE,Q26068753-32,D16-04,3QHS3773,焊线,2026-07-16 13:02:40,QFNWB5*5-20L-D(P0.65T0.75)(1 block)
STAGING_TO_WIRE,Q26066911-4,D19-11,3QHS112,焊线,2026-07-15 21:14:09,SOP8(150mil)(12R)
STAGING_TO_WIRE,Q26066815-11,D06-14,3QHS3789,焊线,2026-07-16 10:20:36,DFNWB2*2-8L-W(P0.50T0.75)(1 block)
STAGING_TO_WIRE,Q26067890-7,C07-07,3QHS579,焊线,2026-07-16 09:08:59,CSOP10(300mil)(5R)
STAGING_TO_WIRE,Q26067741-2,D13-12,3QHS3083,焊线,2026-07-16 06:11:50,SOP8/PP(150mil)(12R)
STAGING_TO_WIRE,Q26072467-12,Q16-07,3QHS3085,焊线,2026-07-16 09:23:24,SOP8(150mil)(12R)
STAGING_TO_WIRE,Q26068538-36,Q09-16,3QHS3030,焊线,2026-07-16 12:59:48,DFNWB3*3-10L(P0.50T0.75)(1 block)
STAGING_TO_WIRE,Q26068753-31,D15-04,3QHS4024,焊线,2026-07-16 13:03:08,QFNWB5*5-20L-D(P0.65T0.75)(1 block)
STAGING_TO_WIRE,Q26071537-27,D18-06,3QHS668,焊线,2026-07-16 10:04:30,TSSOP8(8R)
STAGING_TO_WIRE,Q26061910-2,D12-04,3QHS643,焊线,2026-07-15 07:50:13,MSOP10(8R)
STAGING_TO_WIRE,Q26071703-34,Q02-11,3QHS4041,焊线,2026-07-16 13:02:52,DFNWB2*2-06L-AA(P0.65T0.75)(1 block)
STAGING_TO_WIRE,Q26068405-21,D22-1,3QHS4319,焊线,2026-07-16 13:35:28,SOP8/PP(150mil)(12R)
STAGING_TO_WIRE,Q26071216-19,Q14-03,3QHS332,焊线,2026-07-16 01:04:33,SOP8(150mil)(12R)
STAGING_TO_WIRE,Q26072990-2,N3-10,3QHS6019,焊线,2026-07-16 10:37:55,PDFNWB3.3×3.3-8L(P0.65T0.75)
STAGING_TO_WIRE,Q26068584-12,N15-3,2QHB85,焊线,2026-07-16 11:21:49,PDFN5×6-8L(12R)
STAGING_TO_WIRE,Q26065457-9,C03-06,3QHS4188,焊线,2026-07-16 12:41:32,SSOP16/PP(150mil)(8R)(P0.5A)
STAGING_TO_WIRE,Q26071026-4,D11-14,3QHS3997,焊线,2026-07-16 13:11:44,DFNWB2*2-06L-AB(P0.65T0.75)(1 block)
STAGING_TO_WIRE,Q26054733-2,D15-05,3QHS4025,焊线,2026-07-16 12:59:14,SSOP16(150mil)(8R)
STAGING_TO_WIRE,Q26064619-4,C04-06,3QHS4117,焊线,2026-07-16 10:51:54,SOP8(150mil)(12R)
STAGING_TO_WIRE,Q26072744-1,D02-02,3QHS3830,焊线,2026-07-16 13:08:18,SOP8(150mil)(12R)
STAGING_TO_WIRE,Q26067133-2,C08-04,3QHS4300,焊线,2026-07-16 10:39:47,TSSOP28/PP(173mil)(10R)
STAGING_TO_WIRE,Q26071310-44,D10-01,3QHS3977,焊线,2026-07-16 12:09:26,SOP14(9R)
STAGING_TO_WIRE,Q26071860-5,C16-04,3QHS4260,焊线,2026-07-16 10:41:29,TSSOP8(8R)
STAGING_TO_WIRE,Q26065457-7,C03-03,3QHS4192,焊线,2026-07-16 11:52:19,SSOP16/PP(150mil)(8R)(P0.5A)
STAGING_TO_WIRE,Q26047975-5,C02-15,3QHS385,焊线,2026-07-16 11:49:48,SOP8(150mil)(12R)
STAGING_TO_WIRE,Q26064759-17,Q15-07,3QHS324,焊线,2026-07-16 13:33:13,TSSOP16
STAGING_TO_WIRE,Q26072748-1,D02-06,3QHS3857,焊线,2026-07-16 11:50:17,SOP8(150mil)(12R)
STAGING_TO_WIRE,Q26071434-5,C01-08,3QHS3820,焊线,2026-07-16 10:37:32,TSSOP14
STAGING_TO_WIRE,Q26066041-5,C11-05,3QHS4135,焊线,2026-07-16 05:22:28,SSOP14/PP(150mil)(8R)
STAGING_TO_WIRE,Q26066509-3,C14-11,3QHS4129,焊线,2026-07-16 09:06:32,SOP16(307mil)(5R)
STAGING_TO_WIRE,Q26066509-9,C03-13,3QHS4290,焊线,2026-07-16 13:09:43,SOP16(307mil)(5R)
STAGING_TO_WIRE,Q26065226-48,Q08-01,3QHS3905,焊线,2026-07-16 11:01:04,DFNWB2*2-08L-L(P0.50T0.55)(1 block)
STAGING_TO_WIRE,Q26066351-1,N1-4,2QHE60,焊线,2026-07-16 12:54:38,PDFNWB5×6-8L(P1.27T0.95)
STAGING_TO_WIRE,Q26066828-3,Q06-14,3QHS4071,焊线,2026-07-16 13:00:05,QFNWB4*4-24L(P0.50T0.75)(1 block)
STAGING_TO_WIRE,Q26071860-3,C11-03,3QHS4132,焊线,2026-07-16 05:21:08,TSSOP8(8R)
STAGING_TO_WIRE,Q26054733-1,D05-05,3QHS3136,焊线,2026-07-16 09:40:15,SSOP16(150mil)(8R)
STAGING_TO_WIRE,Q26071008-26,D06-01,3QHS3787,焊线,2026-07-16 11:19:16,DFNWB2*2-06L-I(P0.65T0.75)
STAGING_TO_WIRE,Q26071481-4,C09-12,3QHS4103,焊线,2026-07-16 12:29:45,SOP8(150mil)(12R)
STAGING_TO_WIRE,Q26071832-11,Q01-15,3QHS4037,焊线,2026-07-16 12:39:44,DFNWB1.45*1-6L-G(P0.50T0.55)
STAGING_TO_WIRE,Q26051834-9,D22-11,3QHS4329,焊线,2026-07-16 13:15:55,SOP8(150mil)(12R)
STAGING_TO_WIRE,Q26071385-17,C01-11,3QHS3924,焊线,2026-07-16 10:40:00,SOP8/PP(150mil)(12R)
STAGING_TO_WIRE,Q26054315-8,D13-04,3QHS3105,焊线,2026-07-16 12:40:38,SOP14(9R)
STAGING_TO_WIRE,Q26054275-3,C13-07,3QHS4200,焊线,2026-07-16 13:35:09,TSSOP20/PP(173mil)(10R)
STAGING_TO_WIRE,Q26062205-5,Q19-12,3QHS3081,焊线,2026-07-16 13:14:48,MSOP8(8R)
STAGING_TO_WIRE,Q26067793-2,Q23-06,3QHS2693,焊线,2026-07-16 12:37:51,SOP16(300mil)(5R)
STAGING_TO_WIRE,Q26054315-9,Q16-09,3QHS3067,焊线,2026-07-16 13:33:29,SOP14(9R)
STAGING_TO_WIRE,Q26056456-14,C05-05,3QHS4315,焊线,2026-07-16 12:40:52,MSOP8(118mil)(14R)
STAGING_TO_WIRE,Q26071423-14,D08-08,3QHS714,焊线,2026-07-16 13:08:03,MSOP8(8R)
STAGING_TO_WIRE,Q26067471-14,Q06-01,3QHS3914,焊线,2026-07-16 11:22:36,DFNWB2*2-06L-AB(P0.65T0.75)(1 block)
STAGING_TO_WIRE,Q26061392-2,C02-02,3QHS3976,焊线,2026-07-16 10:06:55,MSOP8(8R)
STAGING_TO_WIRE,Q26072325-11,D07-06,3QHS3812,焊线,2026-07-16 11:26:18,SOP14(9R)
STAGING_TO_WIRE,Q26069C63-1,C07-14,3QHS4292,焊线,2026-07-16 09:14:46,MSOP8(118mil)(14R)
STAGING_TO_WIRE,Q26069E68-1,S01-07,3QHS4008,焊线,2026-07-16 10:15:13,MSOP10(8R)
STAGING_TO_WIRE,Q26079858-1,S01-06,3QHS2003,焊线,2026-07-16 13:15:24,DFNWB3*3-08L-NC(P0.50T0.75)(1 block)
