SUBLOT,AREA,STEP,EQP,DATES,PACKAGE
Q26055760-57,C12-06,焊线,3QHS4147,2026-07-24T06:09:36,SOP16(300mil)(5R)
Q26079222-1,S01-03,焊线,3QHS4081,2026-07-24T14:55:28,SOP16(300mil)(5R)
Q26066052-1,D03-15,焊线,3QHS760,2026-07-24T09:32:37,SOP8/PP(150mil)(12R)
Q26066920-1,D19-11,焊线,3QHS112,2026-07-24T08:49:44,SOP8(150mil)(12R)
Q26072242-12,D16-03,焊线,3QHS3051,2026-07-24T08:15:45,SSOP24(209MIL)
Q26074762-2,Q01-03,焊线,3QHS3961,2026-07-24T14:10:50,QFNWB5*5-32L(P0.50T0.75)(1 block)
Q26073136-7,Q02-13,焊线,3QHS4043,2026-07-24T12:30:08,DFNWB3*2-14L-C(P0.40T0.75)(1 block)
Q26074640-12,Q03-11,焊线,3QHS566,2026-07-24T13:12:51,DFNWB2*3-6L-SA(P0.50T0.75)(1 block)
Q26071376-19,Q01-22,焊线,3QHS3072,2026-07-24T12:15:46,DFNWB2*2-06L-AG(P0.65T0.75)(1 block)
Q26079043-1,S01-02,焊线,3QHS4171,2026-07-24T12:18:06,SOP8(150mil)(12R)
Q26048267-11,D22-10,焊线,3QHS4328,2026-07-24T09:45:58,TSSOP16(173mil)(10R)
Q26057755-8,Q10-02,焊线,3QHS2687,2026-07-24T09:40:31,QFNWB1.9*1.8-12L-NA(P0.40T0.55)
Q26072260-10,C13-08,焊线,3QHS4165,2026-07-24T12:46:45,TSOT-23-6L
Q26062348-24,Q08-01,焊线,3QHS3905,2026-07-24T14:10:47,DFNWB2*2-08L-L(P0.50T0.55)(1 block)
Q26068335-11,C01-01,焊线,3QHS3845,2026-07-24T13:44:25,CSOP10(300mil)(5R)
Q26072564-4,D03-09,焊线,3QHS3839,2026-07-24T09:32:48,SOP8/PP(150mil)(12R)
Q26073674-8,D19-13,焊线,3QHS504,2026-07-24T14:03:02,TSSOP8(8R)
Q26062454-4,C05-05,焊线,3QHS4315,2026-07-24T11:53:19,MSOP8(118mil)(14R)
Q26071817-5,D14-03,焊线,3QHS3065,2026-07-24T12:42:17,SOP8(150mil)(12R)
Q26067491-13,Q07-09,焊线,3QHS3865,2026-07-24T06:29:33,DFNWB2*2-08L-L(P0.50T0.55)(1 block)
Q26062454-6,C16-10,焊线,3QHS4271,2026-07-24T14:50:41,MSOP8(118mil)(14R)
Q26066966-4,C03-04,焊线,3QHS4197,2026-07-24T13:43:29,TSSOP16(173mil)(10R)
Q26067491-14,Q03-05,焊线,3QHS3892,2026-07-24T13:13:24,DFNWB2*2-08L-L(P0.50T0.55)(1 block)
Q26068537-60,Q09-10,焊线,3QHS397,2026-07-24T12:54:55,DFNWB3*3-10L(P0.50T0.75)(1 block)
Q26068537-62,D13-16,焊线,3QHS3082,2026-07-24T13:48:43,DFNWB3*3-10L(P0.50T0.75)(1 block)
Q26073204-8,Q07-01,焊线,3QHS3943,2026-07-24T10:59:27,DFNWB2*2-06L-AB(P0.65T0.75)(1 block)
Q26072934-3,D01-01,焊线,3QHS15,2026-07-24T11:54:58,SOP8/PP(150mil)(12R)
Q26062443-2,D19-10,焊线,3QHS101,2026-07-24T09:11:33,SSOP9(150mil)(8R)
Q26066740-23,C10-11,焊线,3QHS4128,2026-07-24T10:22:57,DFNWB3*3-8L-NF(P0.65T0.85)(1 block)(wettable)
Q26063201-6-1,C03-13,焊线,3QHS4290,2026-07-24T14:41:11,SOP8(300mil)(5R)
Q26068442-2,D09-06,焊线,3QHS763,2026-07-24T12:47:51,MSOP8/PP
Q26066423-1,C15-09,焊线,3QHS4242,2026-07-24T13:15:50,SOP8(150mil)(12R)
Q26072925-3,C09-14,焊线,3QHS4256,2026-07-24T11:54:24,SOP8/PP(150mil)(12R)
Q26067554-16,C01-09,焊线,3QHS3824,2026-07-24T10:26:09,SOP8/PP(150mil)(12R)
Q26072545-14,Q24-14,焊线,3QHS3790,2026-07-24T13:49:07,MSOP8/PP
Q26066607-3,D23-3,焊线,3QHS4337,2026-07-24T10:45:07,TSSOP14(173mil)(10R)
Q26066423-2,Q17-01,焊线,3QHS583,2026-07-24T13:40:04,SOP8(150mil)(12R)
Q26071279-4,Q04-07,焊线,3QHS3863,2026-07-24T13:13:02,DFNWB2*3-08L-P(P0.50T0.55)
Q26073928-2,D21-3,焊线,3QHS754,2026-07-23T19:29:06,SSOP10(150mil)(8R)
Q26066740-24,C17-02,焊线,3QHS4226,2026-07-24T13:46:12,DFNWB3*3-8L-NF(P0.65T0.85)(1 block)(wettable)
Q26061273-6,D10-10,焊线,3QHS2011,2026-07-24T07:18:48,TSSOP38
Q26072242-13,D06-03,焊线,3QHS765,2026-07-24T12:20:29,SSOP24(209MIL)
Q26065180-3,D04-06,焊线,3QHS2151,2026-07-24T09:06:09,TSOT-23-6L
Q26075246-2,N20-6,焊线,2QHB52,2026-07-24T13:05:22,PDFNWB5×6-8L(P1.27T0.95)
Q26072242-14,D14-10,焊线,3QHS767,2026-07-24T12:43:05,SSOP24(209MIL)
Q26071632-9,D13-08,焊线,3QHS3988,2026-07-24T06:17:40,SOP8/PP(150mil)(12R)
Q26054432-3-8,Q23-12,焊线,3QHS3918,2026-07-24T13:40:17,SSOP20(150mil)
Q26071646-9,C13-02,焊线,3QHS4157,2026-07-24T12:04:46,SOP8/PP(150mil)(12R)
Q26067399-8,D20-05,焊线,3QHS366,2026-07-24T13:24:39,DFNWB2.5*1-10L-H(P0.50T0.50)
Q26067924-9,C11-11,焊线,3QHS4133,2026-07-24T10:02:02,SOP14(9R)
Q26072242-15,D10-02,焊线,3QHS3978,2026-07-24T13:16:05,SSOP24(209MIL)
Q26072242-17,D05-04,焊线,3QHS3314,2026-07-24T14:49:52,SSOP24(209MIL)
Q26067872-1,N19-7,焊线,2QHB96,2026-07-24T14:05:14,TO-252-2L(6R)
Q26073885-6,N6-8,焊线,3QHS3750,2026-07-24T14:03:52,TO-252-2L(6R)
Q26061317-2,Q04-08,焊线,3QHS3873,2026-07-24T11:17:58,QFNWB3*3-16L(P0.50T0.75)(1 block)
Q26067924-14,C16-15,焊线,3QHS4283,2026-07-24T14:57:14,SOP14(9R)
Q26072925-1,C13-16,焊线,3QHS4167,2026-07-24T10:52:04,SOP8/PP(150mil)(12R)
Q26062348-22,Q04-06,焊线,3QHS3868,2026-07-24T11:17:04,DFNWB2*2-08L-L(P0.50T0.55)(1 block)
Q26072828-15,D11-13,焊线,3QHS3995,2026-07-24T12:05:01,SOP8(150mil)(12R)
Q26072052-1,C15-16,焊线,3QHS4244,2026-07-24T12:20:57,SSOP14/PP(150mil)(8R)
Q26075033-5,Q11-05,焊线,3QHS2275,2026-07-24T14:47:08,DFNWB3*2-14L-C(P0.40T0.75)(1 block)
Q26073679-20,Q09-14,焊线,3QHS3027,2026-07-24T11:24:36,DFNWB2*2-08L-L(P0.50T0.55)(1 block)
Q26071490-16,Q09-05,焊线,3QHS4009,2026-07-24T09:56:01,DFNWB3*3-08L(P0.65T0.75)(1 block)
Q26062348-23,Q06-04,焊线,3QHS3902,2026-07-24T12:17:24,DFNWB2*2-08L-L(P0.50T0.55)(1 block)
Q26067195-25,N7-16,焊线,1QH029,2026-07-24T14:53:30,TO-92
Q26067751-2,C01-08,焊线,3QHS3820,2026-07-24T13:16:16,TSSOP16/PP
Q26067398-41,D19-07,焊线,3QHS117,2026-07-24T12:17:47,DFNWB2.5*1-10L-H(P0.50T0.50)
Q26067066-9,D05-11,焊线,3QHS712,2026-07-24T10:49:21,SOP8/PP(150mil)(12R)
Q26072096-28,D21-13,焊线,3QHS3763,2026-07-24T07:07:31,SOP16(150mil)(12R)
Q26072096-30,D06-14,焊线,3QHS3789,2026-07-24T13:17:13,SOP16(150mil)(12R)
Q26073676-1,D19-13,焊线,3QHS504,2026-07-24T09:13:58,TSSOP8(8R)
Q26067145-24,Q07-10,焊线,3QHS3931,2026-07-24T10:45:33,QFNWB3.5*3.5-14L(P0.50T0.75)(1 block)
Q26067924-11,C04-03,焊线,3QHS4276,2026-07-24T12:20:08,SOP14(9R)
Q26062191-14,C17-05,焊线,3QHS4219,2026-07-24T01:17:05,TSSOP16/PP(173mil)(10R)
Q26055760-54,C08-13,焊线,3QHS4309,2026-07-23T14:46:46,SOP16(300mil)(5R)
Q26055760-59,C12-01,焊线,3QHS4141,2026-07-24T07:10:04,SOP16(300mil)(5R)
Q26073759-1,Q04-17,焊线,3QHS4056,2026-07-24T13:27:42,QFNWB1.5*1.5-08L-C(P0.50T0.55)
Q26057114-15,C12-12,焊线,3QHS4114,2026-07-24T11:54:07,SSOP16(150mil)(8R)
Q26057114-17,Q17-13,焊线,3QHS4096,2026-07-24T13:11:50,SSOP16(150mil)(8R)
Q26064033-4,C02-04,焊线,3QHS3994,2026-07-24T13:45:50,QFNWB3.5*3.5-14L(P0.50T0.85)(1 block)(wettable)
Q26064033-6,C06-15,焊线,3QHS2514,2026-07-24T14:51:26,QFNWB3.5*3.5-14L(P0.50T0.85)(1 block)(wettable)
Q26065344-8,Q11-13,焊线,3QHS317,2026-07-24T01:54:43,DFNWB3*3-10L-P(P0.50T0.75)(1 block)
Q26071913-4,D12-03,焊线,3QHS3060,2026-07-23T22:07:47,DFNWB1*1.4-4L(P0.5T0.37)
Q26068335-12,C06-02,焊线,3QHS25,2026-07-24T14:52:32,CSOP10(300mil)(5R)
Q26074651-2,N5-14,焊线,2QHE03,2026-07-24T14:44:19,TO-252-5L
Q26073676-11,D20-02,焊线,3QHS002,2026-07-23T10:56:15,TSSOP8(8R)
Q26066597-5,Q08-05,焊线,3QHS3936,2026-07-24T12:16:56,DFNWB2*2-08L-L(P0.50T0.55)(1 block)
Q26073102-1,D15-07,焊线,3QHS4028,2026-07-24T09:44:48,SOP8(150mil)(12R)
Q26055571-18,D22-9,焊线,3QHS4327,2026-07-24T12:42:51,MSOP8(118mil)(14R)
Q26062330-3,D08-03,焊线,3QHS3736,2026-07-24T12:06:09,TSSOP38
Q26044138-6,Q21-03,焊线,3QHS32,2026-07-24T14:13:09,MSOP10(8R)
Q26072231-21,D22-5,焊线,3QHS4323,2026-07-24T12:24:11,TSSOP14(173mil)(10R)
Q26067924-10,C17-07,焊线,3QHS4221,2026-07-24T13:17:55,SOP14(9R)
Q26073887-2,N4-8,焊线,2QHE81,2026-07-24T13:29:54,TO-252-2L(6R)
Q26075033-4,Q04-22,焊线,3QHS3090,2026-07-24T12:44:01,DFNWB3*2-14L-C(P0.40T0.75)(1 block)
Q26075290-4,N1-8,焊线,2QHE72,2026-07-24T12:33:48,TO-252-2L(8R)
Q26057755-7,Q24-02,焊线,3QHS2692,2026-07-24T08:16:54,QFNWB1.9*1.8-12L-NA(P0.40T0.55)
Q26073889-6-3,Q04-21,焊线,3QHS3122,2026-07-24T09:28:17,DFNWB1*1.4-4L(P0.5T0.37)
Q26074424-2,Q15-05,焊线,3QHS224,2026-07-24T14:09:49,SOP8/PP(150mil)(12R)
Q26072545-13,D16-08,焊线,3QHS3772,2026-07-24T12:23:31,MSOP8/PP
Q26067554-11,C01-16,焊线,3QHS3823,2026-07-24T08:49:38,SOP8/PP(150mil)(12R)
Q26071851-14,Q22-05,焊线,3QHS214,2026-07-24T14:46:38,SOP8(208mil)(6R)
Q26073125-3,Q02-11,焊线,3QHS4041,2026-07-24T13:50:57,DFNWB3*2-14L-C(P0.40T0.75)(1 block)
Q26073136-4,Q10-18,焊线,3QHS335,2026-07-24T11:17:22,DFNWB3*2-14L-C(P0.40T0.75)(1 block)
Q26067561-15,N1-11,焊线,2QHE65,2026-07-24T10:16:40,SOP8(150mil)(12R)
Q26068689-14,D04-04,焊线,3QHS3102,2026-07-24T12:07:25,SOP8(150mil)(12R)
Q26071817-4,D14-02,焊线,3QHS733,2026-07-24T12:42:32,SOP8(150mil)(12R)
Q26073203-8,Q03-01,焊线,3QHS3890,2026-07-24T14:47:18,DFNWB2*2-8L-AK(P0.50T0.75)(1 block)
Q26070029-1,Q20-08,焊线,3QHS4018,2026-07-23T22:53:52,DFNWB1.4*1-8L-C(P0.35T0.37)
Q26062348-20,C01-13,焊线,3QHS3819,2026-07-24T08:51:01,DFNWB2*2-08L-L(P0.50T0.55)(1 block)
Q26062167-3,Q23-13,焊线,3QHS3792,2026-07-24T14:45:39,MSOP8(8R)
Q26066657-2,C12-02,焊线,3QHS4142,2026-07-24T12:06:37,TSSOP20(173mil)(10R)
Q26056345-6,D06-07,焊线,3QHS3798,2026-07-24T13:45:01,DFNWB2*2-8L-W(P0.50T0.75)(1 block)
Q26066116-1,D15-08,焊线,3QHS4027,2026-07-24T12:51:45,SOP8(8R)
Q26072599-24,Q10-06,焊线,3QHS2689,2026-07-24T05:01:58,DFNWB2*3-8L-ND(P0.50T0.75)(1 block)
Q26074941-1,N13-7,焊线,2QHB60,2026-07-24T04:14:51,TO-252-2L(6R)
Q26072381-5,D19-16,焊线,3QHS502,2026-07-24T09:12:04,SSOP16
Q26074694-1-2,N21-8,焊线,2QHB26,2026-07-24T10:05:47,TO-220-3L-C(T0.5mm)
Q26073821-33,Q12-06,焊线,3QHS3809,2026-07-24T14:10:20,SOP16(150mil)(12R)
Q26062372-2,C17-04,焊线,3QHS4228,2026-07-24T05:49:22,SOP8(150mil)(12R)
Q26074514-37,D21-9,焊线,3QHS4343,2026-07-24T06:49:22,DFNWB3*2-14L-C(P0.40T0.75)(1 block)
Q26072878-6,Q19-07,焊线,3QHS310,2026-07-24T06:11:35,TSSOP28
Q26071375-14,Q09-01,焊线,3QHS3807,2026-07-24T11:24:07,DFNWB3*3-10L-B(P0.50T0.75)(1 block)
Q26071375-15,Q11-06,焊线,3QHS3930,2026-07-24T12:15:54,DFNWB3*3-10L-B(P0.50T0.75)(1 block)
Q26071375-16,Q04-10,焊线,3QHS3877,2026-07-24T13:13:28,DFNWB3*3-10L-B(P0.50T0.75)(1 block)
Q26066365-15,D19-15,焊线,3QHS109,2026-07-24T10:03:18,DFNWB2*3-6L-SA(P0.50T0.75)(1 block)
Q26063769-12,Q17-04,焊线,3QHS572,2026-07-24T11:16:11,SOP8(150mil)(12R)
Q26056376-4,Q09-05,焊线,3QHS4009,2026-07-24T11:04:12,DFNWB2*2-06L-AB(P0.65T0.75)(1 block)
Q26068250-4,C12-13,焊线,3QHS4153,2026-07-24T10:48:59,SSOP10(150mil)(8R)
Q26072009-1,Q09-15,焊线,3QHS3029,2026-07-24T10:19:34,QFNWB3*3-16L(P0.50T0.75)(1 block)
Q26065304-21,Q01-09,焊线,3QHS3967,2026-07-24T13:41:00,DFNWB3*3-10L-B(P0.50T0.75)(1 block)
Q26067607-1,Q04-04,焊线,3QHS3879,2026-07-24T12:56:15,DFNWB3*3-08L-F(P0.65T0.75)(1 block)
Q26073235-11,Q06-08,焊线,3QHS3900,2026-07-24T14:47:34,QFNWB4*4-24L(P0.50T0.75)(1 block)
Q26073479-7,D01-14,焊线,3QHS3827,2026-07-24T13:17:01,SOP8(150mil)(12R)
Q26066421-14,D11-16,焊线,3QHS4000,2026-07-22T15:51:44,MISWB1.1*1.1-09L(P0.40T0.55)
Q26072260-6,C12-15,焊线,3QHS4144,2026-07-24T10:44:15,TSOT-23-6L
Q26073145-1,Q20-04,焊线,3QHS2002,2026-07-24T13:17:17,TSSOP8(8R)
Q26066966-3,C04-08,焊线,3QHS4189,2026-07-24T12:47:04,TSSOP16(173mil)(10R)
Q26072382-1,D19-14,焊线,3QHS121,2026-07-24T12:15:05,SSOP16
Q26063124-1,Q16-04,焊线,3QHS373,2026-07-24T13:04:28,TSSOP16
Q26066421-15,D05-08,焊线,3QHS3124,2026-07-24T13:44:49,MISWB1.1*1.1-09L(P0.40T0.55)
Q26061294-18,C05-02,焊线,3QHS4312,2026-07-24T14:49:39,DIP12/PP(350mil)(6R)
Q26067157-8,Q10-17,焊线,3QHS326,2026-07-24T13:13:08,DFNWB3*2-14L-C(P0.40T0.75)(1 block)
Q26073143-4,Q21-07,焊线,3QHS4033,2026-07-24T12:49:48,TSSOP8(8R)
Q26065869-2,C02-15,焊线,3QHS385,2026-07-24T14:49:13,TSSOP14
Q26073052-14,C01-14,焊线,3QHS3833,2026-07-24T08:50:01,SSOP24(150mil)
Q26073052-15,C01-07,焊线,3QHS3836,2026-07-24T08:48:56,SSOP24(150mil)
Q26073053-7,D03-13,焊线,3QHS3814,2026-07-24T13:44:04,SSOP24(150mil)
Q26064841-5,D22-2,焊线,3QHS4320,2026-07-24T14:45:54,MSOP8(118mil)(14R)
Q26066995-3,C09-12,焊线,3QHS4103,2026-07-24T10:42:37,SOP8(300mil)(5R)
Q26066101-1,D13-13,焊线,3QHS372,2026-07-24T08:28:14,SSOP16(150mil)(8R)
Q26067930-48,Q18-05,焊线,3QHS4223,2026-07-24T12:23:45,SOP28(300mil)(5R)
Q26071516-9,Q15-08,焊线,3QHS3075,2026-07-24T13:13:14,DFNWB1.2*1.6-04L-A(P0.60T0.55)
Q26075290-7,N1-15,焊线,2QHE62,2026-07-24T12:17:08,TO-252-2L(8R)
Q26062167-2,D15-04,焊线,3QHS4024,2026-07-24T09:39:29,MSOP8(8R)
Q26067030-9,D07-12,焊线,3QHS3764,2026-07-24T01:49:48,SOP8/PP(150mil)(12R)
Q26071360-10,D08-02,焊线,3QHS3984,2026-07-24T06:30:07,DFNWB3*3-10L-B(P0.50T0.75)(1 block)
Q26071199-2,Q12-03,焊线,3QHS3813,2026-07-24T03:10:25,TSSOP14
Q26066365-17,D19-05,焊线,3QHS3749,2026-07-24T09:14:33,DFNWB2*3-6L-SA(P0.50T0.75)(1 block)
Q26066365-19,D19-04,焊线,3QHS505,2026-07-24T09:16:22,DFNWB2*3-6L-SA(P0.50T0.75)(1 block)
Q26066365-20,D19-09,焊线,3QHS36,2026-07-24T09:40:37,DFNWB2*3-6L-SA(P0.50T0.75)(1 block)
Q26075363-1,N16-2,焊线,2QHB103,2026-07-24T12:09:37,TO-220F-C
Q26061143-27,Q17-11,焊线,3QHS4087,2026-07-24T13:55:32,TSSOP28/PP(173mil)(10R)
Q26055162-15,Q16-11,焊线,3QHS356,2026-07-24T13:11:38,TSSOP16
Q26067930-49,Q18-02,焊线,3QHS4253,2026-07-24T12:23:57,SOP28(300mil)(5R)
Q26071884-2,D16-07,焊线,3QHS3794,2026-07-24T12:43:35,DFNWB1*1.4-4L(P0.5T0.37)
Q26065610-1,Q16-02,焊线,3QHS300,2026-07-24T12:43:16,SOP8(150mil)(12R)
Q26072648-1,N3-7,焊线,3QHS6023,2026-07-24T14:56:18,PDFNWB3.3×3.3-8L-B(P0.65T0.75)
Q26072631-4,D06-11,焊线,3QHS3771,2026-07-24T13:45:15,QFNWB1.7*2-12L-C(P0.40T0.50)
Q26072890-5,Q19-09,焊线,3QHS155,2026-07-23T19:14:15,SOP8(150mil)(12R)
Q26074645-13-1,Q01-11,焊线,3QHS3955,2026-07-24T12:17:37,DFNWB3*3-10L-B(P0.50T0.75)(1 block)
Q26074645-13-2,Q08-02,焊线,3QHS3941,2026-07-24T12:25:19,DFNWB3*3-10L-B(P0.50T0.75)(1 block)
Q26067930-53,C17-08,焊线,3QHS4217,2026-07-24T12:20:40,SOP28(300mil)(5R)
Q26066723-3,D15-10,焊线,3QHS4030,2026-07-24T10:43:59,SOP8(8R)
Q26055162-13,Q14-08,焊线,3QHS3031,2026-07-24T10:44:12,TSSOP16
Q26073621-2,Q22-13,焊线,3QHS3777,2026-07-24T12:49:14,SOP8(8R)
Q26068335-13,D03-06,焊线,3QHS3853,2026-07-24T14:49:27,CSOP10(300mil)(5R)
Q26066293-13,D02-10,焊线,3QHS3825,2026-07-24T09:19:49,SOP8(150mil)(12R)
Q26066572-4,C10-01,焊线,3QHS4105,2026-07-24T12:43:55,SSOP14/PP(150mil)(8R)
Q26079283-1,M1-8,焊线,2QHB94,2026-07-22T20:40:21,MIP3+P
Q26067921-1,C15-08,焊线,3QHS4239,2026-07-24T09:46:40,SOP8(150mil)(12R)
Q26071889-2,Q03-18,焊线,3QHS3120,2026-07-24T13:53:21,DFNWB1*1.4-4L(P0.5T0.37)
Q26074791-5,D04-08,焊线,3QHS3781,2026-07-24T09:07:01,SSOP10(150mil)(8R)
Q26072878-17,D04-07,焊线,3QHS3761,2026-07-24T09:19:31,TSSOP28
Q26061851-15,Q06-19,焊线,3QHS4205,2026-07-24T12:43:40,DFNWB2.2*2.9-6L-NA(P0.50T0.55)(2 block)
Q26072915-3,C01-05,焊线,3QHS3844,2026-07-24T08:47:40,SOP8/PP(150mil)(12R)
Q26066748-2,Q08-10,焊线,3QHS3940,2026-07-24T11:17:40,DFNWB2*2-8L-W(P0.50T0.75)(1 block)
Q26067554-13,D03-03,焊线,3QHS3854,2026-07-24T08:50:12,SOP8/PP(150mil)(12R)
Q26073679-22,Q17-05,焊线,3QHS218,2026-07-24T12:16:51,DFNWB2*2-08L-L(P0.50T0.55)(1 block)
Q26067930-55,Q18-14,焊线,3QHS4088,2026-07-24T12:41:59,SOP28(300mil)(5R)
Q26074645-12-2,Q08-06,焊线,3QHS3929,2026-07-24T12:17:41,DFNWB3*3-10L-B(P0.50T0.75)(1 block)
Q26067543-1,C11-06,焊线,3QHS4136,2026-07-24T09:58:57,SOP8/PP(150mil)(12R)
Q26073824-25,D07-04,焊线,3QHS3804,2026-07-24T14:49:01,SOP14(9R)
Q26067336-1,D23-7,焊线,2QHE87,2026-07-24T13:30:04,DFNWB3*3-08L-M(P0.65T0.75)(1 block)
Q26072621-34,Q09-08,焊线,3QHS703,2026-07-24T13:40:54,DFNWB1.45*1-6L-G(P0.50T0.55)
Q26068665-41,C13-11,焊线,3QHS4168,2026-07-24T11:55:10,DFNWB2*2-8L-AK(P0.50T0.75)(1 block)
Q26062207-1,D12-01,焊线,3QHS3104,2026-07-24T14:55:56,MSOP8(8R)
Q26054940-7,C13-04,焊线,3QHS4160,2026-07-24T11:55:36,TSSOP28/PP(173mil)(10R)
Q26061851-14,Q07-14,焊线,3QHS4078,2026-07-24T12:17:30,DFNWB2.2*2.9-6L-NA(P0.50T0.55)(2 block)
Q26066747-3,Q06-02,焊线,3QHS3904,2026-07-24T12:58:35,DFNWB2*2-8L-W(P0.50T0.75)(1 block)
Q26072621-32,D07-08,焊线,3QHS3774,2026-07-24T13:19:01,DFNWB1.45*1-6L-G(P0.50T0.55)
Q26074645-12-3,Q06-03,焊线,3QHS3901,2026-07-24T11:17:34,DFNWB3*3-10L-B(P0.50T0.75)(1 block)
Q26071307-19,Q04-13,焊线,3QHS4052,2026-07-24T13:12:56,DFNWB1.4*1-8L-C(P0.35T0.37)
Q26067868-7,Q20-05,焊线,3QHS3092,2026-07-24T14:46:08,SOP8(150mil)(12R)
Q26073824-21,Q12-01,焊线,3QHS2685,2026-07-24T13:49:21,SOP14(9R)
Q26073824-24,C06-10,焊线,3QHS3927,2026-07-24T14:50:06,SOP14(9R)
Q26072450-1,C10-04,焊线,3QHS4119,2026-07-24T10:02:45,SOP14(9R)
Q26054843-5,Q16-13,焊线,3QHS76,2026-07-24T13:52:10,SOP8(150mil)(12R)
Q26065180-4,D13-07,焊线,3QHS4001,2026-07-24T14:50:19,TSOT-23-6L
Q26066995-14,C13-15,焊线,3QHS4164,2026-07-24T07:19:48,SOP8(300mil)(5R)
Q26074330-1,N1-14,焊线,2QHE63,2026-07-24T14:56:03,TO-252-2L(8R)
Q26061316-3,Q01-10,焊线,3QHS3966,2026-07-24T13:40:44,QFNWB3*3-16L(P0.50T0.75)(1 block)
Q26067102-1,C03-03,焊线,3QHS4192,2026-07-24T13:14:47,DFNWB3*3-8L-NF(P0.65T0.85)(1 block)(wettable)
Q26068275-10,Q05-18,焊线,3QHS766,2026-07-24T14:14:39,DFNWB2*2-06L-J(P0.65T0.75)(1 block)
Q26072411-14,Q03-02,焊线,3QHS3891,2026-07-24T14:10:54,DFNWB2*2-08L-L(P0.50T0.55)(1 block)
Q26073824-22,D07-06,焊线,3QHS3812,2026-07-24T13:43:42,SOP14(9R)
Q26054940-9,C08-12,焊线,3QHS4308,2026-07-24T12:19:34,TSSOP28/PP(173mil)(10R)
Q26056363-7,Q22-03,焊线,3QHS077,2026-07-23T22:50:46,DFNWB2*2-06L-AB(P0.65T0.75)(1 block)
Q26056401-2,Q01-16,焊线,3QHS4038,2026-07-24T14:47:13,DFNWB1*1-4L-J(P0.65T0.37)
Q26073653-15,C09-07,焊线,3QHS4097,2026-07-24T13:14:56,QFNWB1.6*1.6-14L-NA(P0.35T0.55)
Q26066748-3,Q01-02,焊线,3QHS3885,2026-07-24T13:40:49,DFNWB2*2-8L-W(P0.50T0.75)(1 block)
Q26067102-2,C11-09,焊线,3QHS4139,2026-07-24T14:51:02,DFNWB3*3-8L-NF(P0.65T0.85)(1 block)(wettable)
Q26068792-1,Q03-10,焊线,3QHS3874,2026-07-24T13:13:18,QFNWB3.5*3.5-20L-E(P0.50T0.75)(1 block)
Q26067454-1,C04-06,焊线,3QHS4117,2026-07-24T14:52:19,TSSOP16(173mil)(10R)
Q26066923-10,Q10-04,焊线,3QHS2686,2026-07-24T12:15:59,DFNWB3*3-08L-ND(P0.65T0.75)(1 block)
Q26067398-26,D20-11,焊线,3QHS3738,2026-07-24T13:16:23,DFNWB2.5*1-10L-H(P0.50T0.50)
Q26072073-3,N3-10,焊线,3QHS6019,2026-07-24T14:51:16,PDFNWB3.3×3.3-8L(P0.65T0.75)
Q26073821-30,C07-02,焊线,3QHS3848,2026-07-24T13:02:54,SOP16(150mil)(12R)
Q26073821-31,C06-03,焊线,3QHS3218,2026-07-24T13:04:19,SOP16(150mil)(12R)
Q26067398-25,D19-01,焊线,3QHS119,2026-07-24T11:17:50,DFNWB2.5*1-10L-H(P0.50T0.50)
Q26063124-2,D13-02,焊线,3QHS3745,2026-07-24T13:15:31,TSSOP16
Q26074062-3,D12-08,焊线,3QHS3131,2026-07-24T13:44:37,SOP8(150mil)(12R)
Q26073248-9,C09-02,焊线,3QHS4090,2026-07-24T13:16:32,SOP8/PP(150mil)(12R)
Q26066923-11,Q07-02,焊线,3QHS3944,2026-07-24T14:10:58,DFNWB3*3-08L-ND(P0.65T0.75)(1 block)
Q26068335-9,C07-07,焊线,3QHS579,2026-07-24T13:15:10,CSOP10(300mil)(5R)
Q26073317-17,Q03-08,焊线,3QHS3884,2026-07-24T11:17:45,QFNWB3*3-16L(P0.50T0.75)(1 block)
Q26069C47-1,S01-04,焊线,3QHS3926,2026-07-24T12:52:33,SOP8/PP(150mil)(12R)
Q26059542-1,Q17-09,焊线,3QHS4248,2026-07-24T09:28:28,TSSOP16/PP(173mil)(10R)
Q26067399-11,D16-14,焊线,3QHS742,2026-07-24T14:47:30,DFNWB2.5*1-10L-H(P0.50T0.50)
Q26065337-11,Q15-15,焊线,3QHS695,2026-07-24T14:46:23,SOP8(150mil)(12R)
Q26063603-19,C17-10,焊线,3QHS4212,2026-07-24T09:24:18,SOP16(150mil)(12R)
Q26071599-7,N19-6,焊线,2QHB67,2026-07-24T10:20:25,PDFN5×6-8L(12R)
Q26067401-10,D19-02,焊线,3QHS4015,2026-07-24T09:17:07,DFNWB2.5*1-10L-H(P0.50T0.50)
Q26067401-11,D18-03,焊线,3QHS510,2026-07-24T14:47:26,DFNWB2.5*1-10L-H(P0.50T0.50)
Q26079446-1,S01-04,焊线,3QHS3926,2026-07-24T07:37:17,NEPDFNWB3*3-8L-NA(P0.65T0.75)
Q26079485-1,S01-08,焊线,3QHS4011,2026-07-24T10:30:06,QFNWB4*4-24L-M(P0.50T0.75)(1 block)
